timestamp(ms),BARO[1].Alt,GPS[0].Lat,GPS[0].Lng,ATT.Pitch,ATT.Yaw,ATT.Roll,GPS[0].Spd
2767192.7179093976,26.78369140625,511505337,-1142780749,4.419300556182861,90.6368408203125,-16.598722457885742,0.8050000667572021
2767292.7179093976,26.7484130859375,511505337,-1142780749,2.364666223526001,93.87088012695312,-14.054081916809082,0.8050000667572021
2767392.7179093976,26.49267578125,511505338,-1142780725,-0.7373960018157959,96.74711608886719,-12.394598007202148,0.9740000367164612
2767492.7179093976,26.2425537109375,511505338,-1142780725,-4.101129055023193,99.07286834716797,-10.738423347473145,0.9740000367164612
2767592.7179093976,26.095458984375,511505345,-1142780691,-6.961368560791016,100.95034790039062,-9.203903198242188,1.5600000619888306
2767692.7179093976,26.451416015625,511505345,-1142780691,-9.261641502380371,102.2527847290039,-7.425846099853516,1.5600000619888306
2767792.7179093976,26.03955078125,511505354,-1142780643,-11.096674919128418,103.21107482910156,-6.538692474365234,1.9060001373291016
2767892.7179093976,26.198486328125,511505354,-1142780643,-12.419754028320312,104.14461517333984,-5.699954509735107,1.9060001373291016
2767992.7179093976,26.207275390625,511505361,-1142780579,-13.28417682647705,104.77597045898438,-4.0325093269348145,2.5930001735687256
2768092.7179093976,25.7042236328125,511505361,-1142780579,-12.963058471679688,105.16141510009766,-2.3351142406463623,2.5930001735687256
2768192.7179093976,25.8660888671875,511505369,-1142780498,-11.357379913330078,105.35428619384766,-1.1265709400177002,3.075000047683716
2768292.7179093976,26.0013427734375,511505369,-1142780498,-8.48094367980957,105.43682098388672,0.5154585838317869,3.075000047683716
2768392.7179093976,26.3101806640625,511505373,-1142780407,-4.230935573577881,105.5835952758789,2.035010576248169,3.3930001258850098
2768492.7179093976,26.339599609375,511505373,-1142780407,0.38622885942459106,105.57076263427734,3.1442127227783203,3.3930001258850098
2768592.7179093976,26.5396728515625,511505373,-1142780309,5.519763946533203,105.65043640136719,3.1601765155792236,3.4750001430511475
2768692.7179093976,26.948486328125,511505373,-1142780309,9.711145401000977,105.37348937988281,1.9445797204971313,3.4750001430511475
2768792.7179093976,26.98681640625,511505368,-1142780212,13.008917808532715,104.76441955566406,1.565621256828308,3.372000217437744
2768892.7179093976,27.1309814453125,511505368,-1142780212,15.168797492980957,103.96728515625,0.5420926213264465,3.372000217437744
2768992.7179093976,26.9014892578125,511505362,-1142780119,16.33492088317871,102.91798400878906,-0.35235431790351857,3.071000099182129
2769092.7179093976,26.9896240234375,511505362,-1142780119,16.525644302368164,101.64131927490234,-0.03317108005285263,3.071000099182129
2769192.7179093976,26.704345703125,511505355,-1142780036,16.16780662536621,100.49169158935547,-0.17094260454177856,2.7900002002716064
2769292.7179093976,26.76318359375,511505355,-1142780036,15.976492881774902,99.21322631835938,-0.08677389472723007,2.7900002002716064
2769392.7179093976,26.8721923828125,511505347,-1142779963,15.789480209350586,97.99813842773438,-0.06525453180074692,2.44100022315979
2769492.7179093976,26.63671875,511505347,-1142779963,15.41247844696045,96.53385925292969,-0.47860300540924067,2.44100022315979
2769592.7179093976,26.554443359375,511505338,-1142779899,14.84821891784668,95.11798095703125,0.5063997507095338,2.2690000534057617
2769692.7179093976,26.221923828125,511505338,-1142779899,14.379125595092773,93.56438446044922,1.12801992893219,2.2690000534057617
2769792.7179093976,26.2484130859375,511505327,-1142779844,14.408123016357422,92.11952209472656,2.16766095161438,1.8680000305175781
2769892.7179093976,26.230712890625,511505327,-1142779844,15.06679916381836,90.75192260742188,2.7027196884155273,1.8680000305175781
2769992.7179093976,26.207275390625,511505310,-1142779799,15.249667167663574,89.36527252197266,1.6226599216461182,1.8030000925064087
2770092.7179093976,26.4544677734375,511505310,-1142779799,14.937583923339844,88.01879119873047,1.6014297008514404,1.8030000925064087
2770192.7179093976,26.7484130859375,511505291,-1142779759,14.24791431427002,86.82795715332031,-0.007086107507348061,1.7620000839233398
2770292.7179093976,26.563232421875,511505291,-1142779759,13.114681243896484,85.86767578125,-1.5111197233200073,1.7620000839233398
2770392.7179093976,26.77490234375,511505270,-1142779727,12.360164642333984,85.04708099365234,-2.549131155014038,1.5970001220703125
2770492.7179093976,26.8280029296875,511505270,-1142779727,11.71152400970459,84.46984100341797,-3.1633710861206055,1.5970001220703125
2770592.7179093976,26.842529296875,511505248,-1142779700,11.368680953979492,84.05793762207031,-3.7374839782714844,1.6640000343322754
2770692.7179093976,26.839599609375,511505248,-1142779700,10.853074073791504,83.90807342529297,-4.1247053146362305,1.6640000343322754
2770792.7179093976,27.089599609375,511505224,-1142779673,9.769816398620605,84.07412719726562,-5.377476692199707,1.5450000762939453
2770892.7179093976,26.9427490234375,511505224,-1142779673,8.809517860412598,84.32048797607422,-6.927870750427246,1.5450000762939453
2770992.7179093976,26.9427490234375,511505204,-1142779643,7.505367279052734,84.54724884033203,-7.849538803100586,1.5940001010894775
2771092.7179093976,26.8662109375,511505204,-1142779643,6.554939270019531,84.78800201416016,-9.100282669067383,1.5940001010894775
2771192.7179093976,26.7425537109375,511505185,-1142779616,6.192087173461914,85.06501007080078,-9.381707191467285,1.3580000400543213
2771292.7179093976,26.5279541015625,511505185,-1142779616,5.1640825271606445,85.40093994140625,-9.416434288024902,1.3580000400543213
2771392.7179093976,26.2896728515625,511505167,-1142779590,3.912296772003174,85.84461975097656,-8.786345481872559,1.4040000438690186
2771492.7179093976,25.6866455078125,511505167,-1142779590,2.105358839035034,86.36353302001953,-7.494929313659668,1.4040000438690186
2771592.7179093976,25.8365478515625,511505150,-1142779558,0.5225657820701599,87.27535247802734,-6.046370029449463,1.5570000410079956
2771692.7179093976,25.79248046875,511505150,-1142779558,-0.8326706886291504,88.0079574584961,-5.646018028259277,1.5570000410079956
2771792.7179093976,25.948486328125,511505135,-1142779521,-1.5230975151062012,88.95659637451172,-6.386513710021973,1.600000023841858
2771892.7179093976,25.9219970703125,511505135,-1142779521,-1.8175129890441895,89.79564666748047,-6.52553653717041,1.600000023841858
2771992.7179093976,26.1072998046875,511505123,-1142779478,-1.7066447734832764,90.85692596435547,-6.92783784866333,1.749000072479248
2772092.7179093976,26.2867431640625,511505123,-1142779478,-1.349181056022644,91.59584045410156,-6.749490737915039,1.749000072479248
2772192.7179093976,26.089599609375,511505113,-1142779431,-0.9469418525695801,92.0303726196289,-6.13743257522583,1.787000060081482
2772292.7179093976,26.1719970703125,511505113,-1142779431,-0.07381123304367065,92.33346557617188,-4.959170818328857,1.787000060081482
2772392.7179093976,26.101318359375,511505106,-1142779378,0.5463767051696777,92.64511108398438,-3.569427013397217,1.9720001220703125
2772492.7179093976,25.880859375,511505106,-1142779378,1.2653757333755493,92.89767456054688,-2.4981937408447266,1.9720001220703125
2772592.7179093976,26.2838134765625,511505096,-1142779322,2.2696239948272705,93.03842163085938,-1.8658668994903564,2.1530001163482666
2772692.7179093976,25.9425048828125,511505096,-1142779322,3.358330488204956,93.04315185546875,-2.319099187850952,2.1530001163482666
2772792.7179093976,26.4132080078125,511505086,-1142779263,4.6476969718933105,93.0640869140625,-2.769110679626465,2.177000045776367
2772892.7179093976,26.5455322265625,511505086,-1142779263,5.691720485687256,93.04765319824219,-3.9485342502593994,2.177000045776367
2772992.7179093976,26.0806884765625,511505077,-1142779202,6.891023635864258,92.73524475097656,-5.341344356536865,2.1560001373291016
2773092.7179093976,26.3365478515625,511505077,-1142779202,7.711613655090332,92.28578186035156,-6.161205291748047,2.1560001373291016
2773192.7179093976,26.3984375,511505068,-1142779143,8.865533828735352,91.821533203125,-5.900882720947266,2.123000144958496
2773292.7179093976,26.574951171875,511505068,-1142779143,9.881123542785645,91.29634094238281,-5.7108964920043945,2.123000144958496
2773392.7179093976,26.4603271484375,511505059,-1142779084,11.236860275268555,90.7022476196289,-5.576546669006348,2.072000026702881
2773492.7179093976,26.8634033203125,511505059,-1142779084,12.675835609436035,90.17338562011719,-6.795821189880371,2.072000026702881
2773592.7179093976,27.23095703125,511505053,-1142779029,13.576868057250977,89.53459167480469,-7.411545276641846,1.7790000438690186
2773692.7179093976,27.039794921875,511505053,-1142779029,14.428138732910156,88.84339904785156,-7.371090412139893,1.7790000438690186
2773792.7179093976,26.948486328125,511505049,-1142778982,14.523589134216309,88.36015319824219,-6.997112274169922,1.4030001163482666
2773892.7179093976,26.704345703125,511505049,-1142778982,14.679503440856934,87.89694213867188,-5.913132667541504,1.4030001163482666
2773992.7179093976,27.00146484375,511505047,-1142778947,14.756950378417969,87.61763000488281,-5.496632099151611,1.058000087738037
2774092.7179093976,27.0750732421875,511505047,-1142778947,13.94282341003418,87.12306213378906,-5.357550144195557,1.058000087738037
2774192.7179093976,26.8896484375,511505049,-1142778918,12.308562278747559,86.56588745117188,-6.2117204666137695,0.9070000648498535
2774292.7179093976,26.75439453125,511505049,-1142778918,9.968953132629395,86.04865264892578,-5.957578182220459,0.9070000648498535
2774392.7179093976,26.922119140625,511505052,-1142778896,7.84591817855835,85.69449615478516,-5.69877815246582,0.706000030040741
2774492.7179093976,26.4632568359375,511505052,-1142778896,4.73381233215332,85.34930419921875,-5.508157730102539,0.706000030040741
2774592.7179093976,26.4161376953125,511505053,-1142778871,1.6604993343353271,85.12716674804688,-5.502895832061768,1.0860000848770142
2774692.7179093976,26.3043212890625,511505053,-1142778871,-1.1392124891281128,85.12110900878906,-7.056490898132324,1.0860000848770142
2774792.7179093976,26.095458984375,511505056,-1142778842,-3.0961835384368896,85.31612396240234,-7.320372581481934,1.0450000762939453
2774892.7179093976,26.1719970703125,511505056,-1142778842,-4.155055046081543,85.46556091308594,-8.337583541870117,1.0450000762939453
2774992.7179093976,26.189697265625,511505062,-1142778810,-4.607118606567383,85.76832580566406,-8.23300838470459,1.3350000381469727
2775092.7179093976,26.2955322265625,511505062,-1142778810,-4.362117767333984,85.80330657958984,-8.124725341796875,1.3350000381469727
2775192.7179093976,26.02197265625,511505072,-1142778771,-3.183727264404297,85.88202667236328,-6.617367744445801,1.6990001201629639
2775292.7179093976,26.1866455078125,511505072,-1142778771,-1.5750402212142944,86.04176330566406,-5.321671962738037,1.6990001201629639
2775392.7179093976,26.27783203125,511505085,-1142778724,1.051395297050476,86.23284149169922,-4.2472944259643555,1.8960001468658447
2775492.7179093976,26.3514404296875,511505085,-1142778724,4.1931023597717285,86.49493408203125,-4.039336204528809,1.8960001468658447
2775592.7179093976,26.7808837890625,511505099,-1142778675,7.922216415405273,86.7789535522461,-3.735790967941284,1.7760001420974731
2775692.7179093976,26.810302734375,511505099,-1142778675,11.395795822143555,87.01481628417969,-3.7818596363067627,1.7760001420974731
2775792.7179093976,27.1103515625,511505111,-1142778635,14.763909339904785,87.20732116699219,-2.7798051834106445,1.4180001020431519
2775892.7179093976,27.066162109375,511505111,-1142778635,16.62201690673828,87.44224548339844,-2.9409186840057373,1.4180001020431519
2775992.7179093976,27.0543212890625,511505124,-1142778599,17.244850158691406,87.46293640136719,-3.145172119140625,1.4780000448226929
2776092.7179093976,27.2073974609375,511505124,-1142778599,16.619462966918945,87.46050262451172,-4.016799449920654,1.4780000448226929
2776192.7179093976,27.3634033203125,511505138,-1142778569,15.036279678344727,87.34806823730469,-4.642703056335449,1.1820000410079956
2776292.7179093976,27.789794921875,511505138,-1142778569,12.8790283203125,87.31940460205078,-5.052164077758789,1.1820000410079956
2776392.7179093976,27.8221435546875,511505151,-1142778550,10.253281593322754,87.19766998291016,-3.2588930130004883,0.8890000581741333
2776492.7179093976,27.49560546875,511505151,-1142778550,8.167997360229492,87.06189727783203,-0.7344958186149597,0.8890000581741333
2776592.7179093976,27.3751220703125,511505162,-1142778540,5.642558574676514,86.68898010253906,1.7501304149627686,0.6100000143051147
2776692.7179093976,26.6661376953125,511505162,-1142778540,2.1562929153442383,86.10220336914062,4.297051429748535,0.6100000143051147
2776792.7179093976,26.560302734375,511505169,-1142778527,-2.413133144378662,85.21295928955078,6.437737941741943,0.796000063419342
2776892.7179093976,26.9808349609375,511505169,-1142778527,-6.9840240478515625,84.42487335205078,7.993241786956787,0.796000063419342
2776992.7179093976,26.8543701171875,511505174,-1142778503,-7.9049601554870605,84.07881164550781,8.821413040161133,0.9810000658035278
2777092.7179093976,26.9014892578125,511505174,-1142778503,-5.201577663421631,84.22035217285156,9.234724044799805,0.9810000658035278
2777192.7179093976,26.916259765625,511505175,-1142778478,-0.590771496295929,84.46643829345703,7.453023433685303,0.9030000567436218
2777292.7179093976,26.72216796875,511505175,-1142778478,4.836790561676025,84.32966613769531,3.3891959190368652,0.9030000567436218
2777392.7179093976,26.8072509765625,511505173,-1142778453,9.09948444366455,83.71286010742188,-0.4059481918811798,0.9950000643730164
2777492.7179093976,27.0074462890625,511505173,-1142778453,11.460431098937988,83.13597869873047,-2.1346306800842285,0.9950000643730164
2777592.7179093976,27.1573486328125,511505170,-1142778424,12.654036521911621,82.61824035644531,-2.328624963760376,1.2110000848770142
2777692.7179093976,27.160400390625,511505170,-1142778424,12.64289379119873,82.33135223388672,-2.0784497261047363,1.2110000848770142
2777792.7179093976,27.8133544921875,511505165,-1142778392,11.981240272521973,82.21393585205078,-3.401348352432251,1.0940001010894775
2777892.7179093976,27.9840087890625,511505165,-1142778392,10.671500205993652,82.43295288085938,-3.8281731605529785,1.0940001010894775
2777992.7179093976,27.9339599609375,511505159,-1142778367,9.365893363952637,82.56112670898438,-3.751851797103882,0.8180000185966492
2778092.7179093976,27.7574462890625,511505159,-1142778367,8.05191421508789,82.7203369140625,-3.492307662963867,0.8180000185966492
2778192.7179093976,27.3751220703125,511505152,-1142778349,7.178033351898193,82.88729095458984,-2.5550286769866943,0.8810000419616699
2778292.7179093976,27.4486083984375,511505152,-1142778349,6.797711372375488,83.02552795410156,-2.523301124572754,0.8810000419616699
2778392.7179093976,27.9310302734375,511505144,-1142778331,6.596449851989746,83.32781982421875,-3.340672254562378,0.8580000400543213
2778492.7179093976,27.357421875,511505144,-1142778331,5.589102745056152,83.53739166259766,-3.469191551208496,0.8580000400543213
2778592.7179093976,26.824951171875,511505136,-1142778307,3.5061306953430176,83.87139129638672,-3.514190435409546,1.0220000743865967
2778692.7179093976,27.13671875,511505136,-1142778307,1.9867973327636719,84.14020538330078,-4.124807357788086,1.0220000743865967
2778792.7179093976,26.7955322265625,511505131,-1142778279,0.9926829934120178,84.49159240722656,-5.224256992340088,0.9540000557899475
2778892.7179093976,26.6043701171875,511505131,-1142778279,0.18408451974391937,84.47732543945312,-5.038505554199219,0.9540000557899475
2778992.7179093976,26.6455078125,511505126,-1142778250,0.423387348651886,84.54938507080078,-3.7150490283966064,1.2330000400543213
2779092.7179093976,26.9044189453125,511505126,-1142778250,1.0971274375915527,84.68297576904297,-2.8237318992614746,1.2330000400543213
2779192.7179093976,27.2220458984375,511505120,-1142778215,2.0425233840942383,84.71735382080078,-1.6568447351455688,1.537000060081482
2779292.7179093976,26.98681640625,511505120,-1142778215,3.0647828578948975,84.58038330078125,-0.6731399893760681,1.537000060081482
2779392.7179093976,27.58984375,511505115,-1142778171,3.167759895324707,84.49089813232422,-0.3965683579444885,1.6780000925064087
2779492.7179093976,27.307373046875,511505115,-1142778171,2.299234390258789,84.49139404296875,-0.8683945536613464,1.6780000925064087
2779592.7179093976,26.6220703125,511505108,-1142778121,1.6592389345169067,84.30196380615234,-1.6628762483596802,1.9380000829696655
2779692.7179093976,27.1485595703125,511505108,-1142778121,1.7923314571380615,84.3914794921875,-2.5333948135375977,1.9380000829696655
2779792.7179093976,27.107421875,511505100,-1142778065,2.0072412490844727,84.41513061523438,-3.0276074409484863,2.115000009536743
2779892.7179093976,27.295654296875,511505100,-1142778065,2.8254470825195312,84.39750671386719,-3.354902505874634,2.115000009536743
2779992.7179093976,27.3309326171875,511505092,-1142778003,3.4935035705566406,84.23578643798828,-4.267468452453613,2.202000141143799
2780092.7179093976,27.531005859375,511505092,-1142778003,4.242960453033447,84.02781677246094,-3.9177467823028564,2.202000141143799
2780192.7179093976,27.7279052734375,511505087,-1142777938,4.124576568603516,83.6917953491211,-4.746382236480713,2.326000213623047
2780292.7179093976,27.46630859375,511505087,-1142777938,4.201996803283691,83.34465026855469,-5.371494770050049,2.326000213623047
2780392.7179093976,27.2867431640625,511505083,-1142777869,4.531556129455566,82.98441314697266,-5.819117069244385,2.4630000591278076
2780492.7179093976,27.6722412109375,511505083,-1142777869,4.990754127502441,82.69693756103516,-5.599327087402344,2.4630000591278076
2780592.7179093976,27.304443359375,511505078,-1142777801,6.086193561553955,82.44509887695312,-4.32421350479126,2.378000020980835
2780692.7179093976,27.2662353515625,511505078,-1142777801,7.3995585441589355,82.22653198242188,-2.943711042404175,2.378000020980835
2780792.7179093976,27.2015380859375,511505075,-1142777733,8.812846183776855,81.99224090576172,-1.6385104656219482,2.4280002117156982
2780892.7179093976,27.3543701171875,511505075,-1142777733,10.558085441589355,81.90191650390625,-1.0506049394607544,2.4280002117156982
2780992.7179093976,27.6104736328125,511505069,-1142777670,11.854792594909668,81.67041015625,-1.3660352230072021,2.126000165939331
2781092.7179093976,27.6016845703125,511505069,-1142777670,12.365313529968262,81.45769500732422,-0.7468950152397156,2.126000165939331
2781192.7179093976,27.5750732421875,511505062,-1142777607,12.613832473754883,81.24762725830078,-0.43588829040527344,2.4240000247955322
2781292.7179093976,27.6427001953125,511505062,-1142777607,12.624759674072266,81.0374755859375,0.8908618092536926,2.4240000247955322
2781392.7179093976,27.416259765625,511505054,-1142777546,12.27906608581543,80.91188049316406,0.9839401245117188,2.115000009536743
2781492.7179093976,27.410400390625,511505054,-1142777546,12.002514839172363,80.65406799316406,0.08927873522043228,2.115000009536743
2781592.7179093976,27.319091796875,511505045,-1142777487,11.144582748413086,80.58118438720703,-1.1295552253723145,2.134999990463257
2781692.7179093976,27.3927001953125,511505045,-1142777487,10.028558731079102,80.61837768554688,-2.969088077545166,2.134999990463257
2781792.7179093976,27.8575439453125,511505034,-1142777431,8.576021194458008,80.79430389404297,-4.186604976654053,1.9560000896453857
2781892.7179093976,27.4515380859375,511505034,-1142777431,6.739083766937256,81.01319122314453,-5.504978656768799,1.9560000896453857
2781992.7179093976,27.5692138671875,511505023,-1142777379,5.775498390197754,80.99822998046875,-6.406615257263184,1.8060001134872437
2782092.7179093976,26.97216796875,511505023,-1142777379,5.134392738342285,80.87947845458984,-6.912343502044678,1.8060001134872437
2782192.7179093976,26.7279052734375,511505014,-1142777328,3.8815484046936035,80.68634796142578,-6.659973621368408,1.9130001068115234
2782292.7179093976,27.048583984375,511505014,-1142777328,2.643486738204956,80.60610961914062,-6.498852252960205,1.9130001068115234
2782392.7179093976,26.6220703125,511505008,-1142777272,1.0190056562423706,80.43123626708984,-7.479240417480469,2.0870001316070557
2782492.7179093976,26.26318359375,511505008,-1142777272,-0.2839992940425873,79.85375213623047,-7.876033306121826,2.0870001316070557
2782592.7179093976,26.4425048828125,511505005,-1142777214,-0.12916122376918793,79.53701782226562,-6.880243301391602,2.00600004196167
2782692.7179093976,26.26318359375,511505005,-1142777214,0.028436264023184776,79.58639526367188,-5.441295623779297,2.00600004196167
2782792.7179093976,26.563232421875,511505002,-1142777156,0.32035160064697266,79.83743286132812,-3.8676464557647705,2.0810000896453857
2782892.7179093976,25.9984130859375,511505002,-1142777156,0.8249906301498413,80.13631439208984,-0.988728940486908,2.0810000896453857
2782992.7179093976,26.03369140625,511505000,-1142777093,1.6518431901931763,80.78422546386719,1.0996800661087036,2.3289999961853027
2783092.7179093976,26.1748046875,511505000,-1142777093,2.4994561672210693,81.29100799560547,3.794356346130371,2.3289999961853027
2783192.7179093976,26.4720458984375,511504998,-1142777025,2.3308613300323486,81.9518814086914,5.07463264465332,2.4130001068115234
2783292.7179093976,26.701416015625,511504998,-1142777025,1.9409534931182861,82.35537719726562,6.424330711364746,2.4130001068115234
2783392.7179093976,26.6337890625,511504994,-1142776956,1.9103879928588867,83.11529541015625,4.959323406219482,2.3530001640319824
2783492.7179093976,26.704345703125,511504994,-1142776956,3.937368631362915,83.94971466064453,2.178570508956909,2.3530001640319824
2783592.7179093976,26.97802734375,511504986,-1142776891,8.387725830078125,84.62539672851562,0.20252256095409393,2.236999988555908
2783692.7179093976,27.4515380859375,511504986,-1142776891,13.473767280578613,85.14418029785156,-1.9042079448699951,2.236999988555908
2783792.7179093976,27.8280029296875,511504978,-1142776827,17.882417678833008,85.18586730957031,-3.7423458099365234,2.3000001907348633
2783892.7179093976,27.5279541015625,511504978,-1142776827,20.848299026489258,84.92379760742188,-5.391639709472656,2.3000001907348633
2783992.7179093976,26.9837646484375,511504967,-1142776771,22.208223342895508,84.72675323486328,-6.820647239685059,1.787000060081482
2784092.7179093976,26.842529296875,511504967,-1142776771,22.883724212646484,84.34408569335938,-6.860352993011475,1.787000060081482
2784192.7179093976,27.1456298828125,511504955,-1142776733,22.417585372924805,83.91523742675781,-6.521111488342285,1.2030000686645508
2784292.7179093976,27.2132568359375,511504955,-1142776733,21.549755096435547,83.64689636230469,-5.566004753112793,1.2030000686645508
2784392.7179093976,27.183837890625,511504946,-1142776704,20.159608840942383,83.45789337158203,-3.7329812049865723,0.9580000638961792
2784492.7179093976,27.23388671875,511504946,-1142776704,18.249916076660156,83.17562103271484,-0.914601743221283,0.9580000638961792
2784592.7179093976,27.2867431640625,511504931,-1142776686,15.498302459716797,82.77286529541016,1.5105645656585693,1.069000005722046
2784692.7179093976,27.8486328125,511504931,-1142776686,12.800111770629883,82.6607666015625,4.000288009643555,1.069000005722046
2784792.7179093976,27.5986328125,511504913,-1142776676,10.83648681640625,82.56047821044922,4.224978923797607,0.984000027179718
2784892.7179093976,27.5279541015625,511504913,-1142776676,9.648056983947754,82.43423461914062,3.095980167388916,0.984000027179718
2784992.7179093976,27.7279052734375,511504893,-1142776667,9.001310348510742,82.37189483642578,1.8939204216003418,1.3310000896453857
2785092.7179093976,27.413330078125,511504893,-1142776667,8.661124229431152,82.250732421875,0.21599116921424866,1.3310000896453857
2785192.7179093976,27.819091796875,511504869,-1142776661,8.407561302185059,82.13945007324219,-1.8138858079910278,1.186000108718872
2785292.7179093976,27.8309326171875,511504869,-1142776661,8.084273338317871,81.87576293945312,-3.395155906677246,1.186000108718872
2785392.7179093976,27.95751953125,511504845,-1142776654,6.925674915313721,81.45114135742188,-4.437877178192139,1.3850001096725464
2785492.7179093976,27.6251220703125,511504845,-1142776654,5.3877434730529785,81.1997299194336,-5.2782416343688965,1.3850001096725464
2785592.7179093976,27.2720947265625,511504823,-1142776643,3.846620559692383,81.12598419189453,-5.02689790725708,1.2330000400543213
2785692.7179093976,27.26025390625,511504823,-1142776643,2.2836127281188965,80.85629272460938,-5.964102268218994,1.2330000400543213
2785792.7179093976,27.2103271484375,511504801,-1142776637,0.8092709183692932,80.90782165527344,-6.819844722747803,1.1510000228881836
2785892.7179093976,27.0604248046875,511504801,-1142776637,0.34054830670356745,80.84961700439453,-7.681313991546631,1.1510000228881836
2785992.7179093976,26.9102783203125,511504780,-1142776628,0.8656824827194214,80.83358764648438,-8.332246780395508,1.1630001068115234
2786092.7179093976,26.954345703125,511504780,-1142776628,2.3493175506591797,80.94132232666016,-8.217897415161133,1.1630001068115234
2786192.7179093976,27.1014404296875,511504762,-1142776612,3.465054750442505,81.19254302978516,-8.24995231628418,1.065000057220459
2786292.7179093976,26.99560546875,511504762,-1142776612,4.6929707527160645,81.42694854736328,-7.255421161651611,1.065000057220459
2786392.7179093976,27.166259765625,511504747,-1142776593,6.031161785125732,81.8078384399414,-7.286450386047363,0.9320000410079956
2786492.7179093976,27.3927001953125,511504747,-1142776593,6.709354877471924,82.2138671875,-6.670446395874023,0.9320000410079956
2786592.7179093976,27.3809814453125,511504735,-1142776571,7.071334362030029,82.4813461303711,-5.9217681884765625,0.9190000295639038
2786692.7179093976,27.6163330078125,511504735,-1142776571,7.170294761657715,82.84406280517578,-5.017073631286621,0.9190000295639038
2786792.7179093976,27.551513671875,511504726,-1142776548,7.22153377532959,83.05712127685547,-2.924454927444458,0.9170000553131104
2786892.7179093976,27.510498046875,511504726,-1142776548,6.433456897735596,83.17206573486328,-1.6152316331863403,0.9170000553131104
2786992.7179093976,27.13671875,511504714,-1142776525,6.128520965576172,83.35665893554688,-0.5423996448516846,1.0720000267028809
2787092.7179093976,27.25732421875,511504714,-1142776525,6.353178024291992,83.50050354003906,-0.30551689863204956,1.0720000267028809
2787192.7179093976,27.48388671875,511504700,-1142776502,6.119892597198486,83.61666870117188,-0.19078637659549713,1.1130000352859497
2787292.7179093976,27.5810546875,511504700,-1142776502,6.2161030769348145,83.73112487792969,-0.9611756205558777,1.1130000352859497
2787392.7179093976,27.786865234375,511504684,-1142776478,5.762185573577881,83.71195983886719,-2.1494147777557373,1.277000069618225
2787492.7179093976,27.510498046875,511504684,-1142776478,5.697120189666748,83.67659759521484,-2.649775266647339,1.277000069618225
2787592.7179093976,27.5721435546875,511504666,-1142776453,5.034296035766602,83.65202331542969,-3.788944721221924,1.2580000162124634
2787692.7179093976,27.3514404296875,511504666,-1142776453,4.662078380584717,83.5736312866211,-3.5161995887756348,1.2580000162124634
2787792.7179093976,27.6427001953125,511504649,-1142776427,4.001783847808838,83.33540344238281,-3.397515296936035,1.2610000371932983
2787892.7179093976,27.3780517578125,511504649,-1142776427,3.2153429985046387,83.16397857666016,-3.4692060947418213,1.2610000371932983
2787992.7179093976,27.2103271484375,511504631,-1142776398,2.298893451690674,82.89894104003906,-2.1243653297424316,1.4730000495910645
2788092.7179093976,27.2926025390625,511504631,-1142776398,2.2399094104766846,82.79141235351562,-1.809422254562378,1.4730000495910645
2788192.7179093976,27.48974609375,511504616,-1142776364,2.604517936706543,82.4108657836914,-1.4785056114196777,1.5130001306533813
2788292.7179093976,27.6104736328125,511504616,-1142776364,3.9830920696258545,82.06398010253906,-1.835253357887268,1.5130001306533813
2788392.7179093976,27.25146484375,511504599,-1142776329,6.361759662628174,81.61358642578125,-1.800211787223816,1.5970001220703125
2788492.7179093976,26.945556640625,511504599,-1142776329,8.874043464660645,81.27616119384766,-1.2368186712265015,1.5970001220703125
2788592.7179093976,27.5721435546875,511504580,-1142776297,11.289837837219238,81.28133392333984,-0.9447412490844727,1.6190000772476196
2788692.7179093976,27.8309326171875,511504580,-1142776297,12.888349533081055,81.34796142578125,0.20038050413131714,1.6190000772476196
2788792.7179093976,27.5750732421875,511504558,-1142776266,13.581509590148926,81.2864990234375,1.0941646099090576,1.717000126838684
2788892.7179093976,27.692626953125,511504558,-1142776266,13.307808876037598,81.03009796142578,2.4702272415161133,1.717000126838684
2788992.7179093976,27.5279541015625,511504534,-1142776235,12.439218521118164,80.75901794433594,4.164153575897217,1.9070000648498535
2789092.7179093976,27.7191162109375,511504534,-1142776235,11.324453353881836,80.2879638671875,3.8766255378723145,1.9070000648498535
2789192.7179093976,27.542724609375,511504506,-1142776203,10.148616790771484,79.94754791259766,3.9211175441741943,2.077000141143799
2789292.7179093976,27.73095703125,511504506,-1142776203,8.72783088684082,79.59680938720703,3.810870885848999,2.077000141143799
2789392.7179093976,27.7279052734375,511504473,-1142776170,7.52017879486084,79.39604949951172,2.5967001914978027,2.373000144958496
2789492.7179093976,27.5838623046875,511504473,-1142776170,6.595663547515869,79.25863647460938,1.791546106338501,2.373000144958496
2789592.7179093976,27.786865234375,511504434,-1142776140,5.708388805389404,79.0998764038086,0.5224864482879639,2.444000005722046
2789692.7179093976,27.74853515625,511504434,-1142776140,5.40275239944458,79.0982894897461,-0.7716211676597595,2.444000005722046
2789792.7179093976,28.169189453125,511504393,-1142776114,4.8685102462768555,79.27061462402344,-2.0975096225738525,2.497000217437744
2789892.7179093976,28.0927734375,511504393,-1142776114,4.415136814117432,79.41165161132812,-3.123114824295044,2.497000217437744
2789992.7179093976,28.1868896484375,511504353,-1142776080,3.5696194171905518,79.63065338134766,-4.562422752380371,2.6050000190734863
2790092.7179093976,28.0457763671875,511504353,-1142776080,2.8778176307678223,79.895751953125,-5.628075122833252,2.6050000190734863
2790192.7179093976,27.9281005859375,511504310,-1142776042,2.6870005130767822,80.24650573730469,-5.879757881164551,2.7250001430511475
2790292.7179093976,28.0574951171875,511504310,-1142776042,2.525930404663086,80.47761535644531,-7.27037239074707,2.7250001430511475
2790392.7179093976,27.778076171875,511504269,-1142776002,2.6580286026000977,80.68213653564453,-7.912059783935547,2.5440001487731934
2790492.7179093976,27.9840087890625,511504269,-1142776002,2.960639476776123,80.89271545410156,-8.205689430236816,2.5440001487731934
2790592.7179093976,27.8634033203125,511504232,-1142775956,3.740920066833496,81.11073303222656,-7.9207844734191895,2.7220001220703125
2790692.7179093976,27.8104248046875,511504232,-1142775956,4.863381862640381,81.28182983398438,-7.169260501861572,2.7220001220703125
2790792.7179093976,27.892822265625,511504194,-1142775908,5.907447338104248,81.49456024169922,-6.837007999420166,2.621000051498413
2790892.7179093976,28.0457763671875,511504194,-1142775908,6.7372965812683105,81.75704193115234,-5.34755802154541,2.621000051498413
2790992.7179093976,28.1339111328125,511504160,-1142775858,6.854875564575195,81.84339904785156,-4.256999969482422,2.5380001068115234
2791092.7179093976,28.1134033203125,511504160,-1142775858,7.210943698883057,81.82125091552734,-3.5656745433807373,2.5380001068115234
2791192.7179093976,28.1163330078125,511504127,-1142775810,7.962714195251465,81.79316711425781,-2.746656656265259,2.556000232696533
2791292.7179093976,28.1075439453125,511504127,-1142775810,8.92454719543457,81.85376739501953,-2.5849416255950928,2.556000232696533
2791392.7179093976,28.3515625,511504093,-1142775763,9.88411808013916,81.71540069580078,-2.8740885257720947,2.5410001277923584
2791492.7179093976,28.548828125,511504093,-1142775763,10.792893409729004,81.6427001953125,-3.774137258529663,2.5410001277923584
2791592.7179093976,28.5928955078125,511504057,-1142775720,11.055069923400879,81.47624206542969,-4.526009559631348,2.4840002059936523
2791692.7179093976,28.860595703125,511504057,-1142775720,10.982266426086426,81.28833770751953,-4.880821228027344,2.4840002059936523
2791792.7179093976,28.760498046875,511504022,-1142775680,10.525307655334473,81.11739349365234,-5.081991672515869,2.4200000762939453
2791892.7179093976,28.948974609375,511504022,-1142775680,9.923312187194824,80.89842987060547,-5.532663822174072,2.4200000762939453
2791992.7179093976,29.0076904296875,511503987,-1142775643,9.2832612991333,80.7277603149414,-5.4509968757629395,2.251000165939331
2792092.7179093976,28.634033203125,511503987,-1142775643,8.638845443725586,80.37448120117188,-5.394875526428223,2.251000165939331
2792192.7179093976,28.748779296875,511503955,-1142775605,8.194785118103027,80.10746002197266,-4.880870342254639,2.249000072479248
2792292.7179093976,28.46337890625,511503955,-1142775605,8.250404357910156,79.8759994506836,-4.395968437194824,2.249000072479248
2792392.7179093976,28.5721435546875,511503921,-1142775569,8.308099746704102,79.56578063964844,-3.9079906940460205,2.265000104904175
2792492.7179093976,28.3309326171875,511503921,-1142775569,8.60449504852295,79.25064849853516,-4.105541229248047,2.265000104904175
2792592.7179093976,28.2427978515625,511503886,-1142775535,8.884376525878906,79.1138687133789,-3.9683449268341064,2.3380000591278076
2792692.7179093976,28.3074951171875,511503886,-1142775535,8.351215362548828,78.9983901977539,-4.683050632476807,2.3380000591278076
2792792.7179093976,28.20751953125,511503850,-1142775497,7.967005252838135,79.02061462402344,-4.813654899597168,2.455000162124634
2792892.7179093976,27.9986572265625,511503850,-1142775497,6.834614276885986,78.93286895751953,-5.071584224700928,2.455000162124634
2792992.7179093976,28.0545654296875,511503815,-1142775455,6.656364440917969,79.06428527832031,-4.546311378479004,2.617000102996826
2793092.7179093976,27.845703125,511503815,-1142775455,6.045968532562256,79.11540985107422,-4.265813827514648,2.617000102996826
2793192.7179093976,27.3543701171875,511503781,-1142775414,5.895068168640137,79.61282348632812,-3.0163495540618896,2.2760000228881836
2793292.7179093976,27.395751953125,511503781,-1142775414,6.201530933380127,79.95923614501953,-2.5165512561798096,2.2760000228881836
2793392.7179093976,27.4456787109375,511503747,-1142775376,7.091284275054932,80.35157775878906,-2.6315505504608154,2.3510000705718994
2793492.7179093976,27.6722412109375,511503747,-1142775376,7.846559524536133,80.72965240478516,-3.3052382469177246,2.3510000705718994
2793592.7179093976,27.8515625,511503712,-1142775338,8.77893352508545,81.1518783569336,-3.213296890258789,2.4110000133514404
2793692.7179093976,27.9752197265625,511503712,-1142775338,9.735834121704102,81.498291015625,-3.6589953899383545,2.4110000133514404
2793792.7179093976,27.789794921875,511503676,-1142775303,11.316086769104004,81.73361206054688,-4.001852989196777,2.3380000591278076
2793892.7179093976,27.9222412109375,511503676,-1142775303,12.904631614685059,81.86837005615234,-4.943151950836182,2.3380000591278076
2793992.7179093976,27.878173828125,511503639,-1142775274,14.56529712677002,81.77465057373047,-5.767987251281738,2.2980000972747803
2794092.7179093976,28.078125,511503639,-1142775274,15.997296333312988,81.60601806640625,-6.720293998718262,2.2980000972747803
2794192.7179093976,28.013427734375,511503603,-1142775254,17.272441864013672,81.28740692138672,-7.38191032409668,1.9750001430511475
2794292.7179093976,28.20751953125,511503603,-1142775254,18.12619400024414,80.89181518554688,-8.414504051208496,1.9750001430511475
2794392.7179093976,28.519287109375,511503574,-1142775242,18.87366485595703,80.6032943725586,-9.566760063171387,1.5890001058578491
2794492.7179093976,28.3458251953125,511503574,-1142775242,18.919925689697266,80.15814208984375,-9.652381896972656,1.5890001058578491
2794592.7179093976,28.7222900390625,511503545,-1142775240,19.04781723022461,79.8270263671875,-9.860669136047363,1.7160000801086426
2794692.7179093976,28.775146484375,511503545,-1142775240,19.357765197753906,79.48400115966797,-10.07175064086914,1.7160000801086426
2794792.7179093976,28.6546630859375,511503517,-1142775246,20.112829208374023,79.19976806640625,-9.954463958740234,1.5750000476837158
2794892.7179093976,28.625244140625,511503517,-1142775246,20.334182739257812,78.76714324951172,-10.936463356018066,1.5750000476837158
2794992.7179093976,28.6722412109375,511503493,-1142775264,20.663227081298828,78.3878402709961,-12.536659240722656,1.5890001058578491
2795092.7179093976,28.3133544921875,511503493,-1142775264,20.673601150512695,77.86041259765625,-13.231163024902344,1.5890001058578491
2795192.7179093976,28.5223388671875,511503470,-1142775296,20.836742401123047,77.48117065429688,-13.396013259887695,1.6600000858306885
2795292.7179093976,28.489990234375,511503470,-1142775296,21.073793411254883,77.08667755126953,-13.22336196899414,1.6600000858306885
2795392.7179093976,28.6722412109375,511503450,-1142775340,20.9549503326416,76.91890716552734,-13.866414070129395,1.8960001468658447
2795492.7179093976,28.766357421875,511503450,-1142775340,20.1944580078125,77.04267120361328,-13.54865837097168,1.8960001468658447
2795592.7179093976,28.760498046875,511503434,-1142775395,19.252519607543945,77.14968872070312,-13.732159614562988,2.1520001888275146
2795692.7179093976,28.833984375,511503434,-1142775395,18.746274948120117,77.25812530517578,-13.062884330749512,2.1520001888275146
2795792.7179093976,28.8812255859375,511503421,-1142775462,17.991567611694336,77.37857055664062,-11.703134536743164,2.552000045776367
2795892.7179093976,28.8104248046875,511503421,-1142775462,17.11161231994629,77.56681060791016,-10.698665618896484,2.552000045776367
2795992.7179093976,28.6429443359375,511503411,-1142775538,14.633204460144043,77.92453002929688,-10.410929679870605,2.748000144958496
2796092.7179093976,28.40771484375,511503411,-1142775538,11.178788185119629,78.30033874511719,-10.719049453735352,2.748000144958496
2796192.7179093976,28.08984375,511503405,-1142775620,7.810779571533203,78.8444595336914,-10.149042129516602,2.9110002517700195
2796292.7179093976,27.8809814453125,511503405,-1142775620,4.995511054992676,79.37326049804688,-9.262356758117676,2.9110002517700195
2796392.7179093976,28.007568359375,511503402,-1142775703,3.139770746231079,79.92829132080078,-8.480350494384766,2.741000175476074
2796492.7179093976,27.5986328125,511503402,-1142775703,2.28021502494812,80.4727554321289,-7.731293201446533,2.741000175476074
2796592.7179093976,27.8280029296875,511503402,-1142775782,1.425595760345459,80.91117095947266,-7.638613224029541,2.6610000133514404
2796692.7179093976,27.7279052734375,511503402,-1142775782,0.9494779706001282,81.34951782226562,-6.557281494140625,2.6610000133514404
2796792.7179093976,27.73095703125,511503406,-1142775851,0.5835685133934021,81.70584106445312,-5.918472766876221,2.241000175476074
2796892.7179093976,27.542724609375,511503406,-1142775851,0.39683738350868225,82.22528839111328,-3.753418445587158,2.241000175476074
2796992.7179093976,27.427978515625,511503410,-1142775914,0.4877523183822632,82.61491394042969,-1.9257143735885618,2.0840001106262207
2797092.7179093976,27.4368896484375,511503410,-1142775914,1.3244009017944336,83.14530181884766,0.7974838018417358,2.0840001106262207
2797192.7179093976,27.5220947265625,511503412,-1142775971,2.312412977218628,83.73136901855469,3.0399694442749023,1.8590000867843628
2797292.7179093976,27.47216796875,511503412,-1142775971,2.777252674102783,84.0946273803711,4.924929618835449,1.8590000867843628
2797392.7179093976,27.607421875,511503411,-1142776022,3.5443837642669678,84.6709976196289,6.2586894035339355,1.7050000429153442
2797492.7179093976,27.6397705078125,511503411,-1142776022,3.599057912826538,85.03314208984375,6.617678165435791,1.7050000429153442
2797592.7179093976,27.6573486328125,511503405,-1142776067,2.871013879776001,85.1149673461914,6.502655029296875,1.5550000667572021
2797692.7179093976,27.607421875,511503405,-1142776067,1.714504361152649,84.8667984008789,5.293802738189697,1.5550000667572021
2797792.7179093976,27.8809814453125,511503394,-1142776110,0.49426576495170593,84.50403594970703,3.898679494857788,1.6560001373291016
2797892.7179093976,27.769287109375,511503394,-1142776110,-0.08209636062383652,84.15199279785156,4.252560615539551,1.6560001373291016
2797992.7179093976,27.76318359375,511503377,-1142776148,0.43092265725135803,83.88883972167969,3.6033267974853516,1.6120001077651978
2798092.7179093976,28.163330078125,511503377,-1142776148,1.5749043226242065,83.73981475830078,1.7844173908233643,1.6120001077651978
2798192.7179093976,28.301513671875,511503358,-1142776178,2.3999381065368652,83.57099914550781,0.22847290337085724,1.3690000772476196
2798292.7179093976,28.078125,511503358,-1142776178,2.906792402267456,83.29766845703125,-0.6840019226074218,1.3690000772476196
2798392.7179093976,27.8897705078125,511503337,-1142776206,3.0410118103027344,83.09180450439453,-0.22956475615501404,1.4910000562667847
2798492.7179093976,27.72509765625,511503337,-1142776206,3.575214147567749,83.10882568359375,0.24967803061008453,1.4910000562667847
2798592.7179093976,27.636962890625,511503316,-1142776230,3.55485200881958,82.9636001586914,0.9384781718254089,1.4590001106262207
2798692.7179093976,27.5750732421875,511503316,-1142776230,3.8609278202056885,82.64022064208984,1.8433966636657715,1.4590001106262207
2798792.7179093976,27.8309326171875,511503292,-1142776249,4.404114246368408,82.43009185791016,0.9885231852531433,1.5380001068115234
2798892.7179093976,28.0604248046875,511503292,-1142776249,5.204771995544434,82.32870483398438,-0.5000767707824707,1.5380001068115234
2798992.7179093976,27.73095703125,511503265,-1142776268,5.844374179840088,82.14330291748047,-2.6320528984069824,1.6440000534057617
2799092.7179093976,27.9810791015625,511503265,-1142776268,6.5130462646484375,81.93788146972656,-3.6474215984344482,1.6440000534057617
2799192.7179093976,28.2047119140625,511503238,-1142776290,6.591392993927002,81.71998596191406,-4.383137226104736,1.6190000772476196
2799292.7179093976,28.43408203125,511503238,-1142776290,6.589937210083008,81.61186981201172,-5.014052867889404,1.6190000772476196
2799392.7179093976,28.5870361328125,511503213,-1142776313,6.240854263305664,81.5229721069336,-5.8998494148254395,1.5500000715255737
2799492.7179093976,29.3017578125,511503213,-1142776313,5.400023460388184,81.47837829589844,-7.555195331573486,1.5500000715255737
2799592.7179093976,28.610595703125,511503190,-1142776334,4.990930557250977,81.47706604003906,-8.950511932373047,1.3860000371932983
2799692.7179093976,28.5546875,511503190,-1142776334,4.328007698059082,81.45610046386719,-10.372808456420898,1.3860000371932983
2799792.7179093976,28.748779296875,511503171,-1142776350,3.29880428314209,81.44599914550781,-11.126142501831055,1.0320000648498535
2799892.7179093976,27.96337890625,511503171,-1142776350,2.398045063018799,81.6196517944336,-10.969740867614746,1.0320000648498535
2799992.7179093976,28.1956787109375,511503157,-1142776366,2.388627052307129,81.59266662597656,-9.692972183227539,0.8880000710487366
2800092.7179093976,27.8250732421875,511503157,-1142776366,2.7575786113739014,81.79678344726562,-9.409314155578613,0.8880000710487366
2800192.7179093976,28.169189453125,511503145,-1142776381,3.4026834964752197,82.05606079101562,-8.662416458129883,0.8200000524520874
2800292.7179093976,28.1309814453125,511503145,-1142776381,5.202217102050781,82.3320541381836,-7.398634910583496,0.8200000524520874
2800392.7179093976,28.23388671875,511503135,-1142776395,8.34215259552002,82.56765747070312,-6.555109977722168,0.7670000195503235
2800492.7179093976,28.5135498046875,511503135,-1142776395,10.900673866271973,83.06108856201172,-5.814785480499268,0.7670000195503235
2800592.7179093976,28.69873046875,511503126,-1142776409,11.501808166503906,83.22750854492188,-5.791273593902588,0.7460000514984131
2800692.7179093976,28.7869873046875,511503126,-1142776409,10.824101448059082,83.52082061767578,-5.511203765869141,0.7460000514984131
2800792.7179093976,28.560546875,511503121,-1142776422,8.717525482177734,83.60881042480469,-5.6011481285095215,0.5980000495910645
2800892.7179093976,28.41064453125,511503121,-1142776422,7.129293918609619,83.64911651611328,-5.794902324676514,0.5980000495910645
2800992.7179093976,28.5693359375,511503118,-1142776434,5.918367385864258,83.76721954345703,-5.7571516036987305,0.6530000567436218
2801092.7179093976,28.9046630859375,511503118,-1142776434,5.0587239265441895,83.57637023925781,-5.627477645874023,0.6530000567436218
2801192.7179093976,28.766357421875,511503116,-1142776450,3.8666961193084717,83.42975616455078,-5.243851661682129,0.5700000524520874
2801292.7179093976,28.21044921875,511503116,-1142776450,2.441411256790161,83.30889892578125,-4.120450496673584,0.5700000524520874
2801392.7179093976,27.925048828125,511503113,-1142776462,0.9286659955978394,83.2113037109375,-1.7222931385040283,0.4400000274181366
2801492.7179093976,27.9075927734375,511503113,-1142776462,0.5860399007797241,82.97998046875,1.1523842811584473,0.4400000274181366
2801592.7179093976,27.7750244140625,511503108,-1142776471,1.2083430290222168,82.6849365234375,2.93914794921875,0.34200000762939453
2801692.7179093976,27.660400390625,511503108,-1142776471,2.0730373859405518,82.48458099365234,3.229710817337036,0.34200000762939453
2801792.7179093976,27.901611328125,511503102,-1142776477,3.2555434703826904,82.4234619140625,3.528118371963501,0.4190000295639038
2801892.7179093976,27.886962890625,511503102,-1142776477,3.897031784057617,82.20327758789062,3.4176981449127197,0.4190000295639038
2801992.7179093976,27.7369384765625,511503092,-1142776477,4.375162601470947,82.27528381347656,3.99430251121521,0.5660000443458557
2802092.7179093976,27.6898193359375,511503092,-1142776477,4.382625102996826,82.29293823242188,3.1972696781158447,0.5660000443458557
2802192.7179093976,28.145751953125,511503079,-1142776472,4.117308139801025,82.29435729980469,2.4161531925201416,0.8200000524520874
2802292.7179093976,28.21337890625,511503079,-1142776472,3.311727285385132,82.1990737915039,0.606823146343231,0.8200000524520874
2802392.7179093976,28.3900146484375,511503063,-1142776463,3.0535545349121094,82.35932159423828,-0.8222060203552246,1.0890001058578491
2802492.7179093976,28.2603759765625,511503063,-1142776463,2.8148906230926514,82.3820571899414,-1.605441689491272,1.0890001058578491
2802592.7179093976,28.21630859375,511503044,-1142776451,3.01745343208313,82.37289428710938,-1.9755240678787231,1.2000000476837158
2802692.7179093976,28.7398681640625,511503044,-1142776451,3.0172903537750244,82.37590026855469,-1.5117254257202148,1.2000000476837158
2802792.7179093976,28.019287109375,511503023,-1142776435,1.9678096771240234,82.2627944946289,-0.17118889093399048,1.4000000953674316
2802892.7179093976,27.8221435546875,511503023,-1142776435,0.7708870768547058,82.3506088256836,1.2970153093338013,1.4000000953674316
2802992.7179093976,28.0633544921875,511503000,-1142776416,0.03917742893099785,82.3844223022461,1.84194016456604,1.499000072479248
2803092.7179093976,28.0751953125,511503000,-1142776416,0.3774207830429077,82.50967407226562,1.253723382949829,1.499000072479248
2803192.7179093976,28.0487060546875,511502974,-1142776396,1.5182948112487793,82.69075012207031,1.262984037399292,1.6500000953674316
2803292.7179093976,28.3309326171875,511502974,-1142776396,3.081141948699951,82.95694732666016,0.7689476013183594,1.6500000953674316
2803392.7179093976,28.5693359375,511502946,-1142776373,4.687885761260986,83.12621307373047,0.3863838315010071,1.8220001459121704
2803492.7179093976,29.0283203125,511502946,-1142776373,7.087532997131348,83.35843658447266,0.06663099676370621,1.8220001459121704
2803592.7179093976,29.928466796875,511502917,-1142776348,9.074868202209473,83.5357437133789,-0.7532438039779663,1.8890000581741333
2803692.7179093976,30.2576904296875,511502917,-1142776348,10.524028778076172,83.69368743896484,-2.437354326248169,1.8890000581741333
2803792.7179093976,29.6666259765625,511502890,-1142776323,10.747187614440918,83.74242401123047,-5.184915065765381,1.665000081062317
2803892.7179093976,29.948974609375,511502890,-1142776323,10.110095024108887,83.55742645263672,-8.04534912109375,1.665000081062317
2803992.7179093976,29.9078369140625,511502866,-1142776298,8.471786499023438,83.19087982177734,-10.275312423706055,1.534000039100647
2804092.7179093976,29.7840576171875,511502866,-1142776298,6.50730037689209,82.67928314208984,-9.738129615783691,1.534000039100647
2804192.7179093976,29.2635498046875,511502844,-1142776272,5.028169631958008,82.31413269042969,-7.717566967010498,1.5010000467300415
2804292.7179093976,28.833984375,511502844,-1142776272,3.9724583625793457,81.88958740234375,-5.1423845291137695,1.5010000467300415
2804392.7179093976,28.560546875,511502822,-1142776246,3.337001323699951,81.56205749511719,-1.4018535614013672,1.4540001153945923
2804492.7179093976,28.23095703125,511502822,-1142776246,3.416644334793091,81.14250946044922,0.8554107546806335,1.4540001153945923
2804592.7179093976,28.078125,511502800,-1142776222,3.9254934787750244,80.93307495117188,3.438739538192749,1.565000057220459
2804692.7179093976,27.898681640625,511502800,-1142776222,4.633513450622559,80.89219665527344,5.238495349884033,1.565000057220459
2804792.7179093976,28.281005859375,511502775,-1142776193,5.60325813293457,80.936767578125,5.613560199737549,1.9650001525878906
2804892.7179093976,28.68115234375,511502775,-1142776193,7.077146530151367,81.31392669677734,5.1741461753845215,1.9650001525878906
2804992.7179093976,29.3487548828125,511502746,-1142776162,8.01476764678955,81.38774108886719,3.9902427196502686,2.008000135421753
2805092.7179093976,29.7164306640625,511502746,-1142776162,8.921257019042969,81.41506958007812,2.841384172439575,2.008000135421753
2805192.7179093976,29.4312744140625,511502714,-1142776130,9.519548416137695,81.31099700927734,0.9739782810211182,2.177000045776367
2805292.7179093976,29.1575927734375,511502714,-1142776130,8.991986274719238,81.16987609863281,0.10727404057979584,2.177000045776367
2805392.7179093976,29.7193603515625,511502681,-1142776095,7.8143439292907715,80.86474609375,0.24465714395046234,2.4000000953674316
2805492.7179093976,29.6517333984375,511502681,-1142776095,7.182426929473877,80.58854675292969,-0.1366586536169052,2.4000000953674316
2805592.7179093976,29.734130859375,511502645,-1142776058,7.0495734214782715,80.2735824584961,-0.1807868778705597,2.3910000324249268
2805692.7179093976,29.595947265625,511502645,-1142776058,7.3579301834106445,79.90708923339844,-1.0198917388916016,2.3910000324249268
2805792.7179093976,29.5811767578125,511502607,-1142776026,8.092985153198242,79.64637756347656,-1.3657701015472412,2.369000196456909
2805892.7179093976,29.4488525390625,511502607,-1142776026,8.824109077453613,79.2464828491211,-1.8744797706604004,2.369000196456909
2805992.7179093976,29.731201171875,511502570,-1142775991,9.374898910522461,78.97239685058594,-2.2762415409088135,2.4210000038146973
2806092.7179093976,29.145751953125,511502570,-1142775991,10.044288635253906,78.72693634033203,-2.814810037612915,2.4210000038146973
2806192.7179093976,29.131103515625,511502533,-1142775951,10.110950469970703,78.50495147705078,-3.1606509685516357,2.694000244140625
2806292.7179093976,29.1842041015625,511502533,-1142775951,10.584184646606445,78.35198974609375,-4.042065143585205,2.694000244140625
2806392.7179093976,29.310546875,511502494,-1142775910,10.910050392150879,78.131591796875,-5.881155490875244,2.569000005722046
2806492.7179093976,29.1900634765625,511502494,-1142775910,11.23189926147461,77.85871124267578,-7.380373477935791,2.569000005722046
2806592.7179093976,29.04296875,511502458,-1142775879,11.491253852844238,77.69091033935547,-8.835471153259277,2.183000087738037
2806692.7179093976,29.001708984375,511502458,-1142775879,11.514191627502441,77.68075561523438,-9.749944686889648,2.183000087738037
2806792.7179093976,29.2047119140625,511502423,-1142775856,11.518360137939453,77.65326690673828,-10.04085636138916,1.8500001430511475
2806892.7179093976,29.139892578125,511502423,-1142775856,11.308362007141113,77.87625885009766,-10.033570289611816,1.8500001430511475
2806992.7179093976,29.0517578125,511502392,-1142775839,11.257192611694336,78.1315689086914,-9.574997901916504,1.6810001134872437
2807092.7179093976,29.0489501953125,511502392,-1142775839,11.10233211517334,78.4746322631836,-9.642694473266602,1.6810001134872437
2807192.7179093976,28.9046630859375,511502363,-1142775824,10.807682991027832,78.84725952148438,-9.057831764221191,1.4640001058578491
2807292.7179093976,28.989990234375,511502363,-1142775824,10.731659889221191,79.18621063232422,-8.257617950439453,1.4640001058578491
2807392.7179093976,28.519287109375,511502338,-1142775811,10.31756591796875,79.4631118774414,-7.792784214019775,1.4000000953674316
2807492.7179093976,28.619384765625,511502338,-1142775811,10.060887336730957,79.88195037841797,-7.200827121734619,1.4000000953674316
2807592.7179093976,28.610595703125,511502313,-1142775804,9.92469310760498,80.17510223388672,-7.835233211517334,1.1950000524520874
2807692.7179093976,28.504638671875,511502313,-1142775804,9.538174629211426,80.55448913574219,-7.944723606109619,1.1950000524520874
2807792.7179093976,28.619384765625,511502290,-1142775806,9.497586250305176,80.91889953613281,-7.693000316619873,1.0200001001358032
2807892.7179093976,28.81640625,511502290,-1142775806,9.743268966674805,81.15489959716797,-7.648680210113525,1.0200001001358032
2807992.7179093976,29.0340576171875,511502271,-1142775807,9.784944534301758,81.31687927246094,-8.236180305480957,0.8770000338554382
2808092.7179093976,28.93994140625,511502271,-1142775807,9.732447624206543,81.56396484375,-8.27428150177002,0.8770000338554382
2808192.7179093976,28.91357421875,511502255,-1142775809,9.643648147583008,81.7074203491211,-8.227474212646484,0.6970000267028809
2808292.7179093976,28.9046630859375,511502255,-1142775809,9.399114608764648,81.91986083984375,-8.881759643554688,0.6970000267028809
2808392.7179093976,29.0693359375,511502243,-1142775819,9.317951202392578,82.20523834228516,-9.277984619140625,0.6020000576972961
2808492.7179093976,28.8841552734375,511502243,-1142775819,9.290780067443848,82.32666778564453,-9.237809181213379,0.6020000576972961
2808592.7179093976,28.869384765625,511502234,-1142775831,9.481040000915527,82.54187774658203,-9.76986312866211,0.36500000953674316
2808692.7179093976,28.866455078125,511502234,-1142775831,9.788084030151367,82.7177963256836,-9.943347930908203,0.36500000953674316
2808792.7179093976,28.7427978515625,511502231,-1142775846,9.568673133850098,82.91619110107422,-9.672630310058594,0.49500003457069397
2808892.7179093976,28.68408203125,511502231,-1142775846,9.538599967956543,83.0130386352539,-8.76585578918457,0.49500003457069397
2808992.7179093976,28.5135498046875,511502229,-1142775863,9.612706184387207,83.07530975341797,-8.023662567138672,0.503000020980835
2809092.7179093976,28.5811767578125,511502229,-1142775863,9.417536735534668,83.08683013916016,-7.518858909606934,0.503000020980835
2809192.7179093976,28.5252685546875,511502230,-1142775881,9.346466064453125,83.00653839111328,-6.861939430236816,0.5190000534057617
2809292.7179093976,28.43994140625,511502230,-1142775881,9.689472198486328,82.88398742675781,-6.496615409851074,0.5190000534057617
2809392.7179093976,28.369384765625,511502233,-1142775902,9.697417259216309,82.92249298095703,-6.890214920043945,0.7750000357627869
2809492.7179093976,28.4310302734375,511502233,-1142775902,9.384504318237305,82.80290222167969,-6.147576808929443,0.7750000357627869
2809592.7179093976,28.498779296875,511502237,-1142775923,8.48221206665039,82.6994857788086,-6.675157070159912,0.7150000333786011
2809692.7179093976,28.3634033203125,511502237,-1142775923,7.944155216217041,82.48848724365234,-6.531160831451416,0.7150000333786011
2809792.7179093976,28.163330078125,511502243,-1142775942,7.058380603790283,82.3520736694336,-6.521413803100586,0.6650000214576721
2809892.7179093976,28.0869140625,511502243,-1142775942,6.498148441314697,82.1287612915039,-5.244560241699219,0.6650000214576721
2809992.7179093976,28.3309326171875,511502248,-1142775963,5.86714506149292,82.05008697509766,-5.0707011222839355,0.7660000324249268
2810092.7179093976,27.6251220703125,511502248,-1142775963,5.365208148956299,81.88168334960938,-4.5011210441589355,0.7660000324249268
2810192.7179093976,27.3485107421875,511502252,-1142775983,4.696750640869141,81.48040771484375,-3.9347031116485596,0.5570000410079956
2810292.7179093976,27.2044677734375,511502252,-1142775983,4.77141809463501,81.23027038574219,-3.213289737701416,0.5570000410079956
2810392.7179093976,26.8956298828125,511502255,-1142776002,4.939640522003174,81.02384185791016,-2.5739071369171143,0.6950000524520874
2810492.7179093976,27.24560546875,511502255,-1142776002,6.937304496765137,80.9275894165039,-1.860970139503479,0.6950000524520874
2810592.7179093976,27.6397705078125,511502258,-1142776023,10.271758079528809,81.00558471679688,-1.0080002546310425,0.7200000286102295
2810692.7179093976,27.94873046875,511502258,-1142776023,13.136838912963867,80.74676513671875,0.24415406584739685,0.7200000286102295
2810792.7179093976,28.022216796875,511502258,-1142776042,15.502985000610352,80.62743377685547,0.7668566107749939,0.7040000557899475
2810892.7179093976,28.0810546875,511502258,-1142776042,17.1069393157959,80.33185577392578,1.3886913061141968,0.7040000557899475
2810992.7179093976,28.154541015625,511502252,-1142776067,17.268938064575195,79.71202850341797,2.386087417602539,1.1069999933242798
2811092.7179093976,27.9957275390625,511502252,-1142776067,17.124725341796875,78.96752166748047,2.396589517593384,1.1069999933242798
2811192.7179093976,28.160400390625,511502241,-1142776099,16.374143600463867,78.15630340576172,1.3647840023040771,1.3350000381469727
2811292.7179093976,27.781005859375,511502241,-1142776099,15.643631935119629,77.42103576660156,-0.4557845890522003,1.3350000381469727
2811392.7179093976,27.9986572265625,511502228,-1142776137,15.443784713745117,76.85743713378906,-2.693511724472046,1.6510000228881836
2811492.7179093976,28.40771484375,511502228,-1142776137,15.133227348327637,76.32904052734375,-5.772289752960205,1.6510000228881836
2811592.7179093976,28.21337890625,511502213,-1142776180,14.820549964904785,75.7756118774414,-7.940672397613525,1.8280000686645508
2811692.7179093976,28.2047119140625,511502213,-1142776180,14.651806831359863,75.45744323730469,-9.559917449951172,1.8280000686645508
2811792.7179093976,28.3074951171875,511502196,-1142776224,14.098798751831055,75.26164245605469,-10.556757926940918,1.8130000829696655
2811892.7179093976,28.528076171875,511502196,-1142776224,13.706586837768555,75.20870208740234,-11.1697359085083,1.8130000829696655
2811992.7179093976,28.3221435546875,511502182,-1142776272,13.821052551269531,75.1524887084961,-11.330493927001953,1.946000099182129
2812092.7179093976,28.2662353515625,511502182,-1142776272,14.377378463745117,75.07366180419922,-11.250324249267578,1.946000099182129
2812192.7179093976,28.395751953125,511502168,-1142776327,14.899170875549316,75.19810485839844,-10.698379516601562,2.06000018119812
2812292.7179093976,28.395751953125,511502168,-1142776327,15.596904754638672,75.24970245361328,-9.942487716674805,2.06000018119812
2812392.7179093976,28.395751953125,511502158,-1142776387,15.890840530395508,75.4659423828125,-9.342129707336426,2.3350000381469727
2812492.7179093976,28.401611328125,511502158,-1142776387,15.793011665344238,75.81140899658203,-8.882515907287598,2.3350000381469727
2812592.7179093976,28.619384765625,511502147,-1142776457,15.454002380371094,75.9727554321289,-8.99377727508545,2.6480002403259277
2812692.7179093976,28.41650390625,511502147,-1142776457,14.754290580749512,76.24769592285156,-8.698513984680176,2.6480002403259277
2812792.7179093976,28.6663818359375,511502136,-1142776538,13.577249526977539,76.67250061035156,-8.302017211914062,2.8490002155303955
2812892.7179093976,28.3309326171875,511502136,-1142776538,11.865947723388672,77.08415222167969,-7.961849689483643,2.8490002155303955
2812992.7179093976,28.8516845703125,511502127,-1142776620,10.749969482421875,77.68463134765625,-7.845687389373779,2.866000175476074
2813092.7179093976,28.6663818359375,511502127,-1142776620,9.59731388092041,78.22953033447266,-7.880110740661621,2.866000175476074
2813192.7179093976,28.401611328125,511502121,-1142776704,8.932365417480469,78.83871459960938,-7.708346843719482,2.8560001850128174
2813292.7179093976,28.3162841796875,511502121,-1142776704,7.310549259185791,79.56378936767578,-8.087632179260254,2.8560001850128174
2813392.7179093976,28.0428466796875,511502117,-1142776787,5.88090181350708,80.4104232788086,-7.868114471435547,2.8950002193450928
2813492.7179093976,28.281005859375,511502117,-1142776787,4.779179573059082,81.23194122314453,-7.776967525482178,2.8950002193450928
2813592.7179093976,28.1986083984375,511502115,-1142776873,4.801487922668457,81.8298110961914,-8.499046325683594,2.864000082015991
2813692.7179093976,28.54296875,511502115,-1142776873,4.953972816467285,82.44225311279297,-8.42512321472168,2.864000082015991
2813792.7179093976,28.3546142578125,511502116,-1142776960,4.783161163330078,83.05855560302734,-9.660343170166016,2.9210002422332764
2813892.7179093976,28.610595703125,511502116,-1142776960,4.4047675132751465,83.57673645019531,-9.538463592529297,2.9210002422332764
2813992.7179093976,28.536865234375,511502119,-1142777040,4.210953235626221,84.0777359008789,-9.95151138305664,2.614000082015991
2814092.7179093976,28.395751953125,511502119,-1142777040,4.173825740814209,84.65033721923828,-8.817618370056152,2.614000082015991
2814192.7179093976,28.304443359375,511502125,-1142777114,3.5237059593200684,85.21903228759766,-8.166045188903809,2.386000156402588
2814292.7179093976,28.2427978515625,511502125,-1142777114,2.5654923915863037,85.71189880371094,-7.778431415557861,2.386000156402588
2814392.7179093976,28.68115234375,511502135,-1142777181,1.473480224609375,86.25201416015625,-6.725861549377441,2.3970000743865967
2814492.7179093976,28.68701171875,511502135,-1142777181,0.4760955274105072,86.57682800292969,-7.254927635192871,2.3970000743865967
2814592.7179093976,28.772216796875,511502147,-1142777249,-0.5179184079170227,86.79023742675781,-8.947564125061035,2.4090001583099365
2814692.7179093976,28.68115234375,511502147,-1142777249,-0.3616618514060974,86.86663818359375,-9.829412460327148,2.4090001583099365
2814792.7179093976,28.9635009765625,511502163,-1142777310,0.09361813962459564,86.64544677734375,-12.060827255249023,2.319000005722046
2814892.7179093976,28.93115234375,511502163,-1142777310,0.9368402361869812,86.60076904296875,-12.86396312713623,2.319000005722046
2814992.7179093976,29.310546875,511502185,-1142777361,0.7167009711265564,86.52301025390625,-13.901412010192871,2.1690001487731934
2815092.7179093976,29.219482421875,511502185,-1142777361,-1.6247652769088745,86.98628234863281,-12.990412712097168,2.1690001487731934
2815192.7179093976,29.0576171875,511502213,-1142777401,-4.794474124908447,87.10843658447266,-10.43349552154541,2.1460001468658447
2815292.7179093976,29.5517578125,511502213,-1142777401,-7.971089839935303,87.3318099975586,-6.211750030517578,2.1460001468658447
2815392.7179093976,28.9075927734375,511502245,-1142777432,-9.830979347229004,87.067626953125,-2.1348628997802734,2.1540000438690186
2815492.7179093976,28.8782958984375,511502245,-1142777432,-7.965490818023682,86.55809783935547,2.541515350341797,2.1540000438690186
2815592.7179093976,28.9517822265625,511502278,-1142777453,-4.7841877937316895,86.14085388183594,7.483847141265869,1.8380000591278076
2815692.7179093976,29.0311279296875,511502278,-1142777453,0.2694787085056305,86.1934814453125,7.739457607269287,1.8380000591278076
2815792.7179093976,28.40771484375,511502308,-1142777469,6.019889831542969,86.27649688720703,6.343768119812012,1.721000075340271
2815892.7179093976,27.9693603515625,511502308,-1142777469,9.877647399902344,86.13556671142578,3.4913113117218018,1.721000075340271
2815992.7179093976,28.44873046875,511502333,-1142777482,12.051350593566895,85.71649169921875,1.580629110336304,1.2780001163482666
2816092.7179093976,28.616455078125,511502333,-1142777482,13.114038467407227,85.35468292236328,0.4307677745819092,1.2780001163482666
2816192.7179093976,29.0135498046875,511502354,-1142777499,13.367243766784668,84.8465347290039,-0.5540454983711243,1.3540000915527344
2816292.7179093976,29.3017578125,511502354,-1142777499,13.291475296020508,84.55139923095703,-0.8929485082626343,1.3540000915527344
2816392.7179093976,29.3341064453125,511502372,-1142777524,13.229125022888184,84.1983871459961,-1.5042771100997925,1.3880000114440918
2816492.7179093976,29.8931884765625,511502372,-1142777524,12.78565788269043,83.90235137939453,-2.1938929557800293,1.3880000114440918
2816592.7179093976,30.14892578125,511502388,-1142777555,11.641552925109863,83.68318176269531,-3.7088475227355957,1.4900001287460327
2816692.7179093976,30.8843994140625,511502388,-1142777555,9.52243709564209,83.4841079711914,-5.243549823760986,1.4900001287460327
2816792.7179093976,30.1871337890625,511502406,-1142777586,6.593256950378418,83.15060424804688,-5.147347450256348,1.6050000190734863
2816892.7179093976,29.6253662109375,511502406,-1142777586,3.52644944190979,82.80056762695312,-5.321370601654053,1.6050000190734863
2816992.7179093976,28.5751953125,511502426,-1142777620,0.6191391944885254,82.30846405029297,-4.165775775909424,1.65500009059906
2817092.7179093976,28.92529296875,511502426,-1142777620,-2.2312068939208984,81.92869567871094,-3.4816949367523193,1.65500009059906
2817192.7179093976,29.145751953125,511502447,-1142777650,-4.803949356079102,81.65022277832031,-2.470463991165161,1.6140000820159912
2817292.7179093976,29.1370849609375,511502447,-1142777650,-5.824569225311279,81.44239807128906,-1.8809945583343506,1.6140000820159912
2817392.7179093976,29.5606689453125,511502471,-1142777669,-6.706761360168457,80.9439468383789,-2.219688653945923,1.5410001277923584
2817492.7179093976,29.4342041015625,511502471,-1142777669,-5.086759090423584,80.4593734741211,-0.9688381552696228,1.5410001277923584
2817592.7179093976,29.2222900390625,511502495,-1142777681,-1.0930688381195073,80.16507720947266,-0.6039734482765198,1.315000057220459
2817692.7179093976,29.1663818359375,511502495,-1142777681,2.63761568069458,79.89918518066406,-0.24805518984794617,1.315000057220459
2817792.7179093976,29.084228515625,511502516,-1142777691,5.942556858062744,79.45716094970703,0.18078100681304932,1.1740000247955322
2817892.7179093976,28.8458251953125,511502516,-1142777691,8.750207901000977,79.05998992919922,-0.0941019356250763,1.1740000247955322
2817992.7179093976,28.6429443359375,511502537,-1142777701,10.717168807983398,78.80148315429688,-0.20379114151000977,1.290000081062317
2818092.7179093976,28.93408203125,511502537,-1142777701,12.15081787109375,78.76437377929688,-0.48204532265663147,1.290000081062317
2818192.7179093976,28.3988037109375,511502556,-1142777713,13.814534187316895,78.69522094726562,0.6949663162231445,1.037000060081482
2818292.7179093976,28.536865234375,511502556,-1142777713,16.045093536376953,79.06424713134766,2.8516392707824707,1.037000060081482
2818392.7179093976,28.5164794921875,511502567,-1142777729,17.843610763549805,79.67401885986328,5.214420318603516,0.7720000147819519
2818492.7179093976,28.748779296875,511502567,-1142777729,19.35993194580078,80.3558349609375,7.6731367111206055,0.7720000147819519
2818592.7179093976,28.6488037109375,511502571,-1142777753,20.128767013549805,80.98567962646484,9.19877815246582,0.9450000524520874
2818692.7179093976,28.987060546875,511502571,-1142777753,20.91364288330078,81.4282455444336,10.019423484802246,0.9450000524520874
2818792.7179093976,28.751708984375,511502567,-1142777785,20.68903923034668,81.47824096679688,9.80001163482666,1.3390001058578491
2818892.7179093976,28.9842529296875,511502567,-1142777785,19.382991790771484,81.18669891357422,9.10448932647705,1.3390001058578491
2818992.7179093976,29.460693359375,511502552,-1142777827,17.43136978149414,80.78723907470703,6.79713249206543,1.8320001363754272
2819092.7179093976,29.68115234375,511502552,-1142777827,15.467991828918457,80.2601089477539,3.1851375102996826,1.8320001363754272
2819192.7179093976,29.7459716796875,511502533,-1142777870,14.396754264831543,79.89678955078125,-1.2074350118637085,1.9270000457763672
2819292.7179093976,29.7606201171875,511502533,-1142777870,13.765890121459961,79.33208465576172,-5.212562561035156,1.9270000457763672
2819392.7179093976,29.851806640625,511502511,-1142777915,13.423235893249512,79.07530975341797,-8.484436988830566,2.111999988555908
2819492.7179093976,29.925537109375,511502511,-1142777915,12.988112449645996,78.69725799560547,-10.946958541870117,2.111999988555908
2819592.7179093976,30.066650390625,511502493,-1142777961,12.039535522460938,78.56314086914062,-12.591264724731445,1.9250000715255737
2819692.7179093976,30.1165771484375,511502493,-1142777961,11.245903015136719,78.33834075927734,-12.966217994689941,1.9250000715255737
2819792.7179093976,29.8018798828125,511502477,-1142778014,10.99811840057373,78.17936706542969,-12.938603401184082,2.2280001640319824
2819892.7179093976,29.3458251953125,511502477,-1142778014,11.427473068237305,78.2102279663086,-12.459077835083008,2.2280001640319824
2819992.7179093976,29.3399658203125,511502465,-1142778073,10.86051082611084,78.11369323730469,-12.003800392150879,2.06000018119812
2820092.7179093976,29.16943359375,511502465,-1142778073,10.878250122070312,78.36396789550781,-10.907502174377441,2.06000018119812
2820192.7179093976,29.3165283203125,511502458,-1142778129,11.552475929260254,78.46253204345703,-10.272438049316406,2.058000087738037
2820292.7179093976,29.7578125,511502458,-1142778129,11.937980651855469,78.64356231689453,-11.08362102508545,2.058000087738037
2820392.7179093976,29.822509765625,511502453,-1142778188,11.851722717285156,78.75023651123047,-12.195916175842285,2.0840001106262207
2820492.7179093976,29.742919921875,511502453,-1142778188,11.104557037353516,79.07483673095703,-11.404168128967285,2.0840001106262207
2820592.7179093976,29.7164306640625,511502452,-1142778250,8.657618522644043,79.46656799316406,-8.97533893585205,2.198000192642212
2820692.7179093976,29.4488525390625,511502452,-1142778250,5.694062232971191,80.00910949707031,-6.243129730224609,2.198000192642212
2820792.7179093976,29.113525390625,511502451,-1142778311,3.397411346435547,80.84654235839844,-3.3229618072509766,1.9000000953674316
2820892.7179093976,28.295654296875,511502451,-1142778311,1.2387357950210571,82.16942596435547,-1.393322467803955,1.9000000953674316
2820992.7179093976,28.5164794921875,511502450,-1142778360,-0.8502885699272156,84.37032318115234,-1.2242614030838013,1.5290000438690186
2821092.7179093976,28.5928955078125,511502450,-1142778360,-2.4707558155059814,87.04305267333984,-2.67332124710083,1.5290000438690186
2821192.7179093976,28.68701171875,511502452,-1142778399,-3.070244550704956,89.65123748779297,-4.738746166229248,1.2850000858306885
2821292.7179093976,28.9842529296875,511502452,-1142778399,-3.1284890174865723,92.0251235961914,-5.968917369842529,1.2850000858306885
2821392.7179093976,29.0489501953125,511502455,-1142778430,-3.4949448108673096,94.16862487792969,-7.461564540863037,0.8990000486373901
2821492.7179093976,28.93408203125,511502455,-1142778430,-3.5168607234954834,95.91331481933594,-7.341370582580566,0.8990000486373901
2821592.7179093976,29.219482421875,511502459,-1142778451,-3.339080333709717,97.44719696044922,-7.100654125213623,0.612000048160553
2821692.7179093976,29.3341064453125,511502459,-1142778451,-3.243398904800415,98.61822509765625,-7.393063068389893,0.612000048160553
2821792.7179093976,29.3695068359375,511502466,-1142778465,-2.5011146068573,99.52890014648438,-6.430113315582275,0.48000001907348633
2821892.7179093976,29.1751708984375,511502466,-1142778465,-1.7438464164733887,100.2308120727539,-5.814471244812012,0.48000001907348633
2821992.7179093976,29.001708984375,511502474,-1142778473,0.3345189392566681,100.58180236816406,-4.688427925109863,0.48100003600120544
2822092.7179093976,29.0782470703125,511502474,-1142778473,3.2835488319396973,100.72237396240234,-3.5282952785491943,0.48100003600120544
2822192.7179093976,29.3607177734375,511502484,-1142778476,7.828305721282959,100.43434143066406,-3.7968366146087646,0.6850000619888306
2822292.7179093976,30.1607666015625,511502484,-1142778476,13.507787704467773,100.11971282958984,-2.5075042247772217,0.6850000619888306
2822392.7179093976,30.5577392578125,511502497,-1142778479,18.46375846862793,99.65837860107422,-2.2831478118896484,0.7870000600814819
2822492.7179093976,29.989990234375,511502497,-1142778479,21.61423110961914,99.10753631591797,-2.487846851348877,0.7870000600814819
2822592.7179093976,30.337158203125,511502511,-1142778488,20.73273277282715,98.67780303955078,-2.2854204177856445,0.7620000243186951
2822692.7179093976,30.5902099609375,511502511,-1142778488,17.141075134277344,98.12088775634766,-2.9181740283966064,0.7620000243186951
2822792.7179093976,30.446044921875,511502526,-1142778499,13.970852851867676,97.58177185058594,-3.1385536193847656,1.0180000066757202
2822892.7179093976,30.5048828125,511502526,-1142778499,11.130032539367676,96.9945068359375,-2.506840705871582,1.0180000066757202
2822992.7179093976,30.4166259765625,511502541,-1142778517,9.357172966003418,96.40135955810547,-1.4733413457870483,1.0290000438690186
2823092.7179093976,30.2342529296875,511502541,-1142778517,8.572370529174805,95.79259490966797,-0.12293750047683716,1.0290000438690186
2823192.7179093976,30.38720703125,511502556,-1142778534,7.9469828605651855,95.39310455322266,0.8197357058525085,0.8250000476837158
2823292.7179093976,30.38427734375,511502556,-1142778534,6.944469928741455,95.19702911376953,0.9053329825401306,0.8250000476837158
2823392.7179093976,30.1754150390625,511502570,-1142778547,5.211725234985352,94.89065551757812,0.723766028881073,0.9070000648498535
2823492.7179093976,29.9783935546875,511502570,-1142778547,3.132958173751831,94.5860366821289,0.2105388045310974,0.9070000648498535
2823592.7179093976,29.8046875,511502584,-1142778556,1.2611286640167236,94.04055786132812,-0.16070418059825897,0.6540000438690186
2823692.7179093976,29.66357421875,511502584,-1142778556,0.2123395800590515,93.59185791015625,-0.5965811610221863,0.6540000438690186
2823792.7179093976,29.460693359375,511502595,-1142778562,-0.16321733593940735,93.24803924560547,-0.1286211013793946,0.6320000290870667
2823892.7179093976,29.2664794921875,511502595,-1142778562,0.5551500916481018,93.10961151123047,0.237976536154747,0.6320000290870667
2823992.7179093976,29.0076904296875,511502605,-1142778563,1.4786795377731323,92.89651489257812,1.0285508632659912,0.5020000338554382
2824092.7179093976,29.3341064453125,511502605,-1142778563,1.0339865684509277,92.64801025390625,1.485304594039917,0.5020000338554382
2824192.7179093976,28.972412109375,511502613,-1142778559,1.1260430812835693,92.70226287841797,1.6127955913543701,0.5450000166893005
2824292.7179093976,29.0076904296875,511502613,-1142778559,1.6269885301589966,92.81494140625,1.120845079421997,0.5450000166893005
2824392.7179093976,28.751708984375,511502620,-1142778550,2.6718952655792236,92.8756103515625,0.6134510040283203,0.51500004529953
2824492.7179093976,28.8812255859375,511502620,-1142778550,3.491389751434326,93.05313873291016,0.8999981880187988,0.51500004529953
2824592.7179093976,29.004638671875,511502624,-1142778537,5.019308090209961,93.26911163330078,0.7009122967720032,0.5
2824692.7179093976,29.537109375,511502624,-1142778537,6.587021350860596,93.50077056884766,1.1276053190231323,0.5
2824792.7179093976,29.1959228515625,511502625,-1142778521,6.790060043334961,93.53059387207031,1.2362743616104126,0.6310000419616699
2824892.7179093976,29.0399169921875,511502625,-1142778521,6.898914337158203,93.40563201904297,0.6858327388763428,0.6310000419616699
2824992.7179093976,29.2606201171875,511502626,-1142778503,6.74766731262207,93.37177276611328,0.7525684237480164,0.6200000047683716
2825092.7179093976,28.5751953125,511502626,-1142778503,7.585005760192871,93.27127838134766,0.6685390472412109,0.6200000047683716
2825192.7179093976,29.451904296875,511502624,-1142778489,10.537445068359375,93.55574035644531,1.0601633787155151,0.4390000104904175
2825292.7179093976,30.2960205078125,511502624,-1142778489,13.624631881713867,93.99937438964844,2.7049763202667236,0.4390000104904175
2825392.7179093976,29.9136962890625,511502619,-1142778481,16.039901733398438,94.49351501464844,4.1060686111450195,0.5100000500679016
2825492.7179093976,30.0224609375,511502619,-1142778481,16.782846450805664,95.24046325683594,4.186627388000488,0.5100000500679016
2825592.7179093976,30.1224365234375,511502610,-1142778479,16.667638778686523,95.76272583007812,3.6858363151550293,0.5420000553131104
2825692.7179093976,30.4549560546875,511502610,-1142778479,15.124374389648438,96.2237548828125,2.46878719329834,0.5420000553131104
2825792.7179093976,30.440185546875,511502601,-1142778484,12.480372428894043,96.28683471679688,0.8008432984352112,0.5040000081062317
2825892.7179093976,30.7872314453125,511502601,-1142778484,10.329656600952148,96.34493255615234,-1.155773639678955,0.5040000081062317
2825992.7179093976,30.448974609375,511502592,-1142778492,8.601278305053711,96.1466293334961,-3.292813539505005,0.492000013589859
2826092.7179093976,30.7635498046875,511502592,-1142778492,7.793238639831543,95.7149429321289,-4.113612651824951,0.492000013589859
2826192.7179093976,30.37255859375,511502587,-1142778500,7.177549362182617,95.04938507080078,-4.831607818603516,0.31200000643730164
2826292.7179093976,29.4989013671875,511502587,-1142778500,7.060993671417236,94.12701416015625,-4.67264461517334,0.31200000643730164
2826392.7179093976,28.972412109375,511502585,-1142778507,7.554276943206787,93.38917541503906,-4.880128860473633,0.23000000417232513
2826492.7179093976,29.037109375,511502585,-1142778507,8.350574493408203,92.79216766357422,-3.4059762954711914,0.23000000417232513
2826592.7179093976,29.1988525390625,511502583,-1142778512,7.948816776275635,92.37159729003906,-1.803341031074524,0.09600000083446503
2826692.7179093976,28.9105224609375,511502583,-1142778512,7.183633804321289,92.2103042602539,-0.9892063140869141,0.09600000083446503
2826792.7179093976,28.93408203125,511502581,-1142778515,7.179928779602051,92.15989685058594,-0.5601755380630493,0.1720000058412552
2826892.7179093976,28.6634521484375,511502581,-1142778515,7.845394134521484,92.1947021484375,0.1430456042289734,0.1720000058412552
2826992.7179093976,29.1929931640625,511502579,-1142778520,8.65608024597168,92.5907974243164,0.6310003995895386,0.12700000405311584
2827092.7179093976,29.3753662109375,511502579,-1142778520,8.619242668151855,93.03343963623047,0.7233045697212219,0.12700000405311584
2827192.7179093976,29.3812255859375,511502577,-1142778522,9.089066505432129,93.53628540039062,-0.5428175926208496,0.1980000138282776
2827292.7179093976,29.9931640625,511502577,-1142778522,9.874456405639648,94.28484344482422,-0.981044352054596,0.1980000138282776
2827392.7179093976,30.2283935546875,511502572,-1142778525,9.842412948608398,95.0723876953125,-1.5229504108428955,0.42000001668930054
2827492.7179093976,30.3106689453125,511502572,-1142778525,9.50285816192627,95.81798553466797,-1.8665685653686523,0.42000001668930054
2827592.7179093976,30.3077392578125,511502567,-1142778529,8.985716819763184,96.38865661621094,-2.6548707485198975,0.2639999985694885
2827692.7179093976,30.29296875,511502567,-1142778529,8.561968803405762,96.64027404785156,-3.295865535736084,0.2639999985694885
2827792.7179093976,30.0960693359375,511502564,-1142778533,7.976764678955078,96.7989501953125,-4.430078029632568,0.12800000607967377
2827892.7179093976,29.843017578125,511502564,-1142778533,8.115189552307129,96.86791229248047,-3.3930768966674805,0.12800000607967377
2827992.7179093976,29.6224365234375,511502565,-1142778538,9.003695487976074,96.68913269042969,-3.412703514099121,0.1420000046491623
2828092.7179093976,29.231201171875,511502565,-1142778538,11.43815803527832,96.08714294433594,-2.863367795944214,0.1420000046491623
2828192.7179093976,29.4488525390625,511502566,-1142778546,14.396673202514648,96.12324523925781,-1.3630475997924805,0.31800001859664917
2828292.7179093976,29.39599609375,511502566,-1142778546,17.187578201293945,96.00672149658203,-0.13929978013038635,0.31800001859664917
2828392.7179093976,28.9842529296875,511502567,-1142778558,19.54930877685547,96.16453552246094,1.1992285251617432,0.4230000078678131
2828492.7179093976,29.1341552734375,511502567,-1142778558,21.131887435913086,96.14154815673828,2.8976526260375977,0.4230000078678131
2828592.7179093976,29.287109375,511502565,-1142778577,21.831554412841797,96.28850555419922,4.596407413482666,0.7970000505447388
2828692.7179093976,29.6253662109375,511502565,-1142778577,21.41844940185547,96.22379302978516,5.685875415802002,0.7970000505447388
2828792.7179093976,29.843017578125,511502558,-1142778606,18.284379959106445,95.81072235107422,7.114720821380615,1.309000015258789
2828892.7179093976,29.7578125,511502558,-1142778606,15.02820873260498,95.6118392944336,6.877007007598877,1.309000015258789
2828992.7179093976,29.3253173828125,511502544,-1142778647,12.525087356567383,95.546875,7.318812847137451,1.8470001220703125
2829092.7179093976,29.4254150390625,511502544,-1142778647,10.182936668395996,95.43795776367188,6.625804901123047,1.8470001220703125
2829192.7179093976,28.9842529296875,511502526,-1142778689,8.944610595703125,95.44041442871094,4.627162933349609,1.7110000848770142
2829292.7179093976,28.8516845703125,511502526,-1142778689,9.131792068481445,95.80437469482422,1.9559485912322998,1.7110000848770142
2829392.7179093976,28.8369140625,511502507,-1142778730,9.152493476867676,96.16117858886719,-1.029064655303955,1.7810001373291016
2829492.7179093976,28.9605712890625,511502507,-1142778730,9.65641975402832,96.43412780761719,-4.842000961303711,1.7810001373291016
2829592.7179093976,28.5782470703125,511502487,-1142778776,11.511414527893066,96.64107513427734,-7.2026848793029785,2.0810000896453857
2829692.7179093976,29.0311279296875,511502487,-1142778776,13.887450218200684,96.7696762084961,-9.595088958740234,2.0810000896453857
2829792.7179093976,29.093017578125,511502468,-1142778823,15.552421569824219,96.91400146484375,-12.00783634185791,1.8610000610351562
2829892.7179093976,28.998779296875,511502468,-1142778823,16.377323150634766,97.0794448852539,-14.277312278747559,1.8610000610351562
2829992.7179093976,28.9842529296875,511502454,-1142778869,16.46318817138672,97.39903259277344,-15.440741539001465,1.725000023841858
2830092.7179093976,29.0635986328125,511502454,-1142778869,15.89606761932373,97.85323333740234,-15.454832077026367,1.725000023841858
2830192.7179093976,28.9693603515625,511502448,-1142778917,14.808679580688477,98.6014404296875,-15.562137603759766,1.66100013256073
2830292.7179093976,29.17236328125,511502448,-1142778917,12.92424201965332,99.45250701904297,-14.095252990722656,1.66100013256073
2830392.7179093976,29.116455078125,511502448,-1142778966,11.302469253540039,100.25926971435547,-12.801514625549316,1.7080000638961792
2830492.7179093976,29.0283203125,511502448,-1142778966,9.63162612915039,100.98844146728516,-10.107025146484375,1.7080000638961792
2830592.7179093976,28.8516845703125,511502455,-1142779020,8.720187187194824,101.32000732421875,-8.418679237365723,1.9380000829696655
2830692.7179093976,28.4193115234375,511502455,-1142779020,8.084023475646973,101.5758056640625,-6.3038153648376465,1.9380000829696655
2830792.7179093976,27.9722900390625,511502465,-1142779073,6.8901824951171875,101.59748077392578,-5.08279275894165,1.7700001001358032
2830892.7179093976,27.536865234375,511502465,-1142779073,6.167396545410156,101.65998077392578,-3.186819553375244,1.7700001001358032
2830992.7179093976,27.1397705078125,511502473,-1142779122,5.942526340484619,101.91199493408203,-3.2015371322631836,1.6370000839233398
2831092.7179093976,27.028076171875,511502473,-1142779122,6.294309616088867,102.18594360351562,-3.432921886444092,1.6370000839233398
2831192.7179093976,27.5457763671875,511502480,-1142779169,7.715176582336426,102.56272888183594,-3.3977479934692383,1.7040001153945923
2831292.7179093976,28.5252685546875,511502480,-1142779169,8.22692584991455,103.0045394897461,-3.3528475761413574,1.7040001153945923
2831392.7179093976,28.4134521484375,511502485,-1142779217,6.473992824554443,103.66069030761719,-3.7432615756988525,1.540000081062317
2831492.7179093976,28.328125,511502485,-1142779217,3.511918544769287,104.00823974609375,-4.680718898773193,1.540000081062317
2831592.7179093976,28.751708984375,511502493,-1142779257,0.024035541340708733,104.42747497558594,-5.363398551940918,1.277000069618225
2831692.7179093976,28.9105224609375,511502493,-1142779257,-3.121706962585449,104.71066284179688,-6.598104000091553,1.277000069618225
2831792.7179093976,28.5576171875,511502502,-1142779290,-4.5108323097229,104.58011627197266,-7.529913425445557,1.1010000705718994
2831892.7179093976,28.2047119140625,511502502,-1142779290,-3.4343743324279785,104.14928436279297,-8.011861801147461,1.1010000705718994
2831992.7179093976,28.489990234375,511502512,-1142779313,-2.1063902378082275,103.59927368164062,-7.442872047424316,0.862000048160553
2832092.7179093976,28.2840576171875,511502512,-1142779313,-2.4393680095672607,103.24968719482422,-7.702899932861328,0.862000048160553
2832192.7179093976,28.21337890625,511502524,-1142779329,-3.0778892040252686,102.72225952148438,-8.311184883117676,0.7830000519752502
2832292.7179093976,28.0516357421875,511502524,-1142779329,-1.2304764986038208,101.8541030883789,-7.240123271942139,0.7830000519752502
2832392.7179093976,27.9281005859375,511502536,-1142779341,3.13288950920105,100.96409606933594,-6.349090576171875,0.7740000486373901
2832492.7179093976,27.9781494140625,511502536,-1142779341,7.101922512054443,100.16594696044922,-5.888647079467773,0.7740000486373901
2832592.7179093976,27.8369140625,511502549,-1142779350,10.888736724853516,99.94137573242188,-5.185062885284424,0.8490000367164612
2832692.7179093976,28.4547119140625,511502549,-1142779350,13.675825119018555,99.9849853515625,-4.0929436683654785,0.8490000367164612
2832792.7179093976,28.145751953125,511502564,-1142779362,14.85168170928955,100.01930236816406,-3.392866611480713,0.9050000309944153
2832892.7179093976,28.328125,511502564,-1142779362,16.011167526245117,100.24818420410156,-2.252732753753662,0.9050000309944153
2832992.7179093976,28.8251953125,511502578,-1142779382,17.03333854675293,100.58517456054688,-1.5023036003112793,1.1069999933242798
2833092.7179093976,29.67822265625,511502578,-1142779382,16.44671058654785,101.011474609375,-2.321671962738037,1.1069999933242798
2833192.7179093976,29.478271484375,511502595,-1142779409,14.215332984924316,101.280517578125,-3.771388292312622,1.4450000524520874
2833292.7179093976,28.7869873046875,511502595,-1142779409,11.279577255249023,101.22492218017578,-5.640805244445801,1.4450000524520874
2833392.7179093976,28.2691650390625,511502613,-1142779439,9.244494438171387,101.18953704833984,-5.808227062225342,1.436000108718872
2833492.7179093976,28.94287109375,511502613,-1142779439,9.087019920349121,101.0272216796875,-6.457475185394287,1.436000108718872
2833592.7179093976,29.084228515625,511502629,-1142779471,10.648146629333496,100.76920318603516,-6.107523441314697,1.4510000944137573
2833692.7179093976,29.41064453125,511502629,-1142779471,12.361953735351562,100.42852020263672,-5.6073479652404785,1.4510000944137573
2833792.7179093976,29.67236328125,511502648,-1142779505,13.187153816223145,100.00885009765625,-4.716836452484131,1.689000129699707
2833892.7179093976,29.38427734375,511502648,-1142779505,12.828431129455566,99.68380737304688,-3.7485411167144775,1.689000129699707
2833992.7179093976,29.687255859375,511502668,-1142779543,12.648873329162598,99.44318389892578,-2.8583009243011475,1.7050000429153442
2834092.7179093976,29.4312744140625,511502668,-1142779543,12.242429733276367,99.20881652832031,-2.618962526321411,1.7050000429153442
2834192.7179093976,28.857666015625,511502688,-1142779579,11.10278034210205,98.88233184814453,-2.6437249183654785,1.6500000953674316
2834292.7179093976,29.3753662109375,511502688,-1142779579,9.921075820922852,98.8065185546875,-2.18617844581604,1.6500000953674316
2834392.7179093976,28.7252197265625,511502708,-1142779618,8.216153144836426,98.60028076171875,-2.4603700637817383,1.8680000305175781
2834492.7179093976,28.872314453125,511502708,-1142779618,6.242356777191162,98.52677917480469,-2.9331653118133545,1.8680000305175781
2834592.7179093976,28.5164794921875,511502726,-1142779660,3.653780460357666,98.36862182617188,-2.4851038455963135,1.8300000429153442
2834692.7179093976,27.9986572265625,511502726,-1142779660,1.9238078594207764,98.07845306396484,-0.5817013382911682,1.8300000429153442
2834792.7179093976,27.766357421875,511502743,-1142779701,2.631157159805298,97.92971801757812,1.5193707942962646,1.689000129699707
2834892.7179093976,28.1075439453125,511502743,-1142779701,6.0043768882751465,98.04984283447266,2.5432584285736084,1.689000129699707
2834992.7179093976,27.8486328125,511502757,-1142779741,8.400385856628418,98.1451187133789,2.714106559753418,1.5810000896453857
2835092.7179093976,28.1251220703125,511502757,-1142779741,9.080698013305664,97.95914459228516,2.3892931938171387,1.5810000896453857
2835192.7179093976,28.8074951171875,511502767,-1142779781,8.905613899230957,97.96900177001953,0.2705826759338379,1.406000018119812
2835292.7179093976,29.5811767578125,511502767,-1142779781,7.70955753326416,98.15180969238281,-1.7448641061782837,1.406000018119812
2835392.7179093976,30.15478515625,511502774,-1142779817,5.278247833251953,98.28064727783203,-3.596224546432495,1.2130000591278076
2835492.7179093976,29.351806640625,511502774,-1142779817,2.42439603805542,98.32706451416016,-5.0571722984313965,1.2130000591278076
2835592.7179093976,28.760498046875,511502780,-1142779852,-0.18646889925003052,98.45234680175781,-5.042684555053711,1.1800000667572021
2835692.7179093976,28.145751953125,511502780,-1142779852,-2.2714545726776123,98.84685516357422,-3.9240808486938477,1.1800000667572021
2835792.7179093976,28.0869140625,511502787,-1142779881,-4.2428717613220215,99.26420593261719,-2.436854839324951,0.9570000171661377
2835892.7179093976,27.9339599609375,511502787,-1142779881,-4.496923923492432,99.57679748535156,-0.314148873090744,0.9570000171661377
2835992.7179093976,28.019287109375,511502792,-1142779901,-2.8879554271698,99.97588348388672,1.7632943391799927,0.5330000519752502
2836092.7179093976,28.613525390625,511502792,-1142779901,-0.25206252932548523,100.14128112792969,2.3740317821502686,0.5330000519752502
2836192.7179093976,28.1192626953125,511502794,-1142779911,1.7868311405181885,100.23709106445312,1.09835946559906,0.17400000989437103
2836292.7179093976,27.9163818359375,511502794,-1142779911,3.8232245445251465,100.43531799316406,-1.4749938249588013,0.17400000989437103
2836392.7179093976,28.46630859375,511502794,-1142779915,5.145988464355469,100.81351470947266,-4.6030144691467285,0.11500000208616257
2836492.7179093976,28.6546630859375,511502794,-1142779915,4.91356086730957,101.61522674560547,-6.008627414703369,0.11500000208616257
2836592.7179093976,28.8458251953125,511502791,-1142779916,4.1252760887146,102.4027328491211,-6.572654724121094,0.18900001049041748
2836692.7179093976,29.298828125,511502791,-1142779916,2.4843220710754395,103.24942779541016,-5.630416393280029,0.18900001049041748
2836792.7179093976,28.857666015625,511502788,-1142779911,-1.4738541841506962,104.05951690673828,-3.8536791801452637,0.3750000298023224
2836892.7179093976,28.560546875,511502788,-1142779911,-4.847908973693848,104.74004364013672,-3.1633431911468506,0.3750000298023224
2836992.7179093976,28.7369384765625,511502784,-1142779901,-5.606903076171875,105.1282958984375,-2.53004789352417,0.612000048160553
2837092.7179093976,28.610595703125,511502784,-1142779901,-2.2374162673950195,105.12837219238281,-1.3110135793685913,0.612000048160553
2837192.7179093976,28.1898193359375,511502780,-1142779888,2.7492787837982178,105.0283432006836,-0.9566987752914429,0.5990000367164612
2837292.7179093976,28.136962890625,511502780,-1142779888,7.9730730056762695,104.52748107910156,-1.9869428873062134,0.5990000367164612
2837392.7179093976,28.3074951171875,511502774,-1142779873,11.300393104553223,103.89752960205078,-3.4806578159332275,0.8010000586509705
2837492.7179093976,28.2840576171875,511502774,-1142779873,11.97033405303955,103.34566497802734,-4.8620476722717285,0.8010000586509705
2837592.7179093976,28.81640625,511502768,-1142779857,10.404919624328613,102.73081970214844,-5.896469593048096,0.6010000109672546
2837692.7179093976,28.5311279296875,511502768,-1142779857,7.251858234405518,102.10395050048828,-6.25902795791626,0.6010000109672546
2837792.7179093976,28.6429443359375,511502763,-1142779841,3.714066743850708,101.82266998291016,-5.982548236846924,0.7050000429153442
2837892.7179093976,28.5340576171875,511502763,-1142779841,-0.6880649328231812,101.69169616699219,-5.848434925079346,0.7050000429153442
2837992.7179093976,28.43408203125,511502762,-1142779821,-5.447401523590088,101.86532592773438,-7.068567276000977,0.8110000491142273
2838092.7179093976,28.4310302734375,511502762,-1142779821,-9.624046325683594,101.98914337158203,-6.835693359375,0.8110000491142273
2838192.7179093976,28.7840576171875,511502763,-1142779793,-11.413671493530273,101.9753189086914,-5.557349681854248,1.2050000429153442
2838292.7179093976,28.5517578125,511502763,-1142779793,-10.404448509216309,101.66503143310547,-2.744462728500366,1.2050000429153442
2838392.7179093976,28.754638671875,511502763,-1142779754,-7.246973037719727,101.4337387084961,-0.38679853081703186,1.5320000648498535
2838492.7179093976,28.8546142578125,511502763,-1142779754,-2.941129207611084,101.50772857666016,-0.06379508227109909,1.5320000648498535
2838592.7179093976,28.3900146484375,511502763,-1142779706,2.1893558502197266,101.33585357666016,-1.0300508737564087,1.8700001239776611
2838692.7179093976,28.3988037109375,511502763,-1142779706,7.408017635345459,101.25048828125,-1.5265536308288574,1.8700001239776611
2838792.7179093976,28.4222412109375,511502763,-1142779654,10.134769439697266,100.90020751953125,-1.9755674600601196,1.6750000715255737
2838892.7179093976,28.43408203125,511502763,-1142779654,10.838780403137207,100.75800323486328,-2.7548186779022217,1.6750000715255737
2838992.7179093976,28.636962890625,511502762,-1142779607,10.553877830505371,100.64437866210938,-3.5030038356781006,1.5160000324249268
2839092.7179093976,28.69580078125,511502762,-1142779607,10.890264511108398,100.54218292236328,-3.703556776046753,1.5160000324249268
2839192.7179093976,29.15478515625,511502763,-1142779570,11.814361572265625,100.74440002441406,-3.9949474334716797,1.068000078201294
2839292.7179093976,29.2694091796875,511502763,-1142779570,12.787978172302246,100.79232788085938,-5.107065677642822,1.068000078201294
2839392.7179093976,29.87255859375,511502765,-1142779536,13.410927772521973,100.87579345703125,-6.627358436584473,1.319000005722046
2839492.7179093976,30.201904296875,511502765,-1142779536,13.500118255615234,100.87530517578125,-7.7833356857299805,1.319000005722046
2839592.7179093976,29.9842529296875,511502768,-1142779499,13.13955020904541,100.66094970703125,-8.174417495727539,1.128000020980835
2839692.7179093976,29.6282958984375,511502768,-1142779499,12.095995903015137,100.5956039428711,-7.183746814727783,1.128000020980835
2839792.7179093976,29.481201171875,511502773,-1142779466,11.696340560913086,100.408935546875,-6.158751010894775,0.9780000448226929
2839892.7179093976,29.5018310546875,511502773,-1142779466,11.719137191772461,100.24896240234375,-5.125655651092529,0.9780000448226929
2839992.7179093976,29.5106201171875,511502779,-1142779440,12.190765380859375,100.02667236328125,-4.715385913848877,0.9000000357627869
2840092.7179093976,29.5577392578125,511502779,-1142779440,12.194695472717285,99.77003479003906,-4.279788494110107,0.9000000357627869
2840192.7179093976,29.310546875,511502785,-1142779419,12.030341148376465,99.35135650634766,-3.8403632640838623,0.7850000262260437
2840292.7179093976,29.3399658203125,511502785,-1142779419,11.784509658813477,99.15972137451172,-3.782820224761963,0.7850000262260437
2840392.7179093976,29.3311767578125,511502792,-1142779403,11.492283821105957,98.93639373779297,-4.139307022094727,0.6100000143051147
2840492.7179093976,29.3753662109375,511502792,-1142779403,11.081428527832031,98.84349822998047,-3.9467246532440186,0.6100000143051147
2840592.7179093976,29.5577392578125,511502800,-1142779388,10.715261459350586,98.68438720703125,-4.163453578948975,0.7080000042915344
2840692.7179093976,29.4429931640625,511502800,-1142779388,10.37472152709961,98.5992202758789,-3.909876585006714,0.7080000042915344
2840792.7179093976,29.6312255859375,511502807,-1142779376,10.031054496765137,98.54619598388672,-4.460972309112549,0.5610000491142273
2840892.7179093976,29.587158203125,511502807,-1142779376,10.755474090576172,98.5638198852539,-5.662224769592285,0.5610000491142273
2840992.7179093976,30.0018310546875,511502816,-1142779366,11.453228950500488,98.46717834472656,-8.015666007995605,0.659000039100647
2841092.7179093976,29.948974609375,511502816,-1142779366,12.37469482421875,98.27507019042969,-10.14350414276123,0.659000039100647
2841192.7179093976,30.2960205078125,511502829,-1142779359,13.609923362731934,97.97367858886719,-12.751673698425293,0.9480000734329224
2841292.7179093976,29.9696044921875,511502829,-1142779359,15.213815689086914,97.74549102783203,-15.104904174804688,0.9480000734329224
2841392.7179093976,30.457763671875,511502848,-1142779355,16.06748390197754,97.42041778564453,-16.028688430786133,1.196000099182129
2841492.7179093976,30.0166015625,511502848,-1142779355,16.543964385986328,97.36141967773438,-17.447872161865234,1.196000099182129
2841592.7179093976,30.0018310546875,511502875,-1142779356,16.148496627807617,97.6321792602539,-17.50543975830078,1.8940000534057617
2841692.7179093976,30.3048095703125,511502875,-1142779356,15.13542366027832,98.26905059814453,-17.702329635620117,1.8940000534057617
2841792.7179093976,30.4019775390625,511502912,-1142779363,13.771546363830566,98.8983383178711,-16.858768463134766,2.366000175476074
2841892.7179093976,30.4254150390625,511502912,-1142779363,12.800921440124512,99.35420227050781,-16.442914962768555,2.366000175476074
2841992.7179093976,30.4166259765625,511502958,-1142779373,11.886340141296387,99.67436218261719,-14.73337459564209,2.8960001468658447
2842092.7179093976,30.437255859375,511502958,-1142779373,10.98922348022461,99.88652038574219,-13.053214073181152,2.8960001468658447
2842192.7179093976,30.61083984375,511503012,-1142779384,10.464011192321777,100.1211929321289,-11.096620559692383,3.2370002269744873
2842292.7179093976,30.331298828125,511503012,-1142779384,9.76171875,100.34783935546875,-7.992495059967041,3.2370002269744873
2842392.7179093976,30.13427734375,511503069,-1142779395,8.156135559082031,100.6142807006836,-3.8460733890533447,3.2210001945495605
2842492.7179093976,30.0960693359375,511503069,-1142779395,6.528972625732422,100.76285552978516,0.7363240718841553,3.2210001945495605
2842592.7179093976,29.3665771484375,511503124,-1142779404,5.083096981048584,100.91697692871094,4.134636878967285,3.0320000648498535
2842692.7179093976,29.5665283203125,511503124,-1142779404,4.186808109283447,100.70562744140625,6.415626049041748,3.0320000648498535
2842792.7179093976,29.5106201171875,511503176,-1142779413,4.0892534255981445,100.51371002197266,7.499118804931641,2.9120001792907715
2842892.7179093976,29.7840576171875,511503176,-1142779413,4.0213165283203125,100.31321716308594,7.188076972961426,2.9120001792907715
2842992.7179093976,30.1077880859375,511503224,-1142779419,4.050337791442871,99.99760437011719,5.938896656036377,2.4810001850128174
2843092.7179093976,29.822509765625,511503224,-1142779419,3.824146270751953,99.4896469116211,4.5669708251953125,2.4810001850128174
2843192.7179093976,29.7840576171875,511503266,-1142779422,3.932201623916626,98.85066223144531,2.6766326427459717,2.3370001316070557
2843292.7179093976,29.237060546875,511503266,-1142779422,4.038730621337891,98.21208190917969,1.5518271923065186,2.3370001316070557
2843392.7179093976,29.257568359375,511503303,-1142779420,4.458499431610107,97.7033920288086,0.9527300000190735,1.9720001220703125
2843492.7179093976,29.41357421875,511503303,-1142779420,5.2520904541015625,97.4154052734375,1.8811393976211548,1.9720001220703125
2843592.7179093976,29.525390625,511503337,-1142779413,6.094127178192139,97.27830505371094,2.272814989089966,1.7890000343322754
2843692.7179093976,29.5694580078125,511503337,-1142779413,7.048069477081299,97.06985473632812,3.0098187923431396,1.7890000343322754
2843792.7179093976,29.604736328125,511503367,-1142779404,7.954550743103027,97.07780456542969,3.460622549057007,1.6160000562667847
2843892.7179093976,29.5577392578125,511503367,-1142779404,8.560091972351074,96.97826385498047,3.6021246910095215,1.6160000562667847
2843992.7179093976,29.8046875,511503393,-1142779396,8.766692161560059,96.89744567871094,2.8595664501190186,1.4180001020431519
2844092.7179093976,29.7547607421875,511503393,-1142779396,9.310956954956055,96.85647583007812,2.3573834896087646,1.4180001020431519
2844192.7179093976,29.6929931640625,511503418,-1142779383,9.78730583190918,96.87810516357422,1.4880822896957397,1.4530000686645508
2844292.7179093976,29.5458984375,511503418,-1142779383,9.702361106872559,96.64246368408203,-0.19336445629596688,1.4530000686645508
2844392.7179093976,29.9078369140625,511503439,-1142779370,10.401814460754395,96.41995239257812,-1.9172171354293823,1.121000051498413
2844492.7179093976,30.0518798828125,511503439,-1142779370,11.321213722229004,96.31974029541016,-3.47180438041687,1.121000051498413
2844592.7179093976,29.9783935546875,511503460,-1142779361,11.893280982971191,96.16036987304688,-5.527667045593262,1.3510000705718994
2844692.7179093976,29.831298828125,511503460,-1142779361,12.85945987701416,96.23628234863281,-6.60610818862915,1.3510000705718994
2844792.7179093976,29.928466796875,511503484,-1142779355,13.452052116394043,96.26103210449219,-8.099560737609863,1.471000075340271
2844892.7179093976,29.78125,511503484,-1142779355,14.048433303833008,96.36587524414062,-9.541272163391113,1.471000075340271
2844992.7179093976,29.5665283203125,511503511,-1142779353,14.600057601928711,96.70303344726562,-10.329980850219727,1.502000093460083
2845092.7179093976,29.67236328125,511503511,-1142779353,15.296894073486328,96.8677749633789,-10.174396514892578,1.502000093460083
2845192.7179093976,29.8341064453125,511503540,-1142779354,15.399823188781738,97.1490478515625,-9.245158195495605,1.6840001344680786
2845292.7179093976,29.593017578125,511503540,-1142779354,15.858511924743652,97.427490234375,-7.943908214569092,1.6840001344680786
2845392.7179093976,29.9224853515625,511503572,-1142779359,15.493504524230957,97.83447265625,-6.479823589324951,2.065999984741211
2845492.7179093976,29.7076416015625,511503572,-1142779359,14.89305591583252,98.37272644042969,-5.5589799880981445,2.065999984741211
2845592.7179093976,29.748779296875,511503610,-1142779365,14.285421371459961,98.8837661743164,-4.2439985275268555,2.0950000286102295
2845692.7179093976,29.710693359375,511503610,-1142779365,13.568528175354004,99.52871704101562,-4.333614826202393,2.0950000286102295
2845792.7179093976,29.5665283203125,511503648,-1142779375,13.439285278320312,99.92855834960938,-3.5071940422058105,2.241000175476074
2845892.7179093976,29.598876953125,511503648,-1142779375,13.206238746643066,100.20278930664062,-3.284109592437744,2.241000175476074
2845992.7179093976,29.5164794921875,511503688,-1142779392,13.228291511535645,100.31869506835938,-2.722210168838501,2.3030002117156982
2846092.7179093976,29.39599609375,511503688,-1142779392,13.120527267456055,100.21330261230469,-3.1332383155822754,2.3030002117156982
2846192.7179093976,29.6900634765625,511503728,-1142779410,13.050726890563965,100.10966491699219,-2.9508743286132812,2.4080002307891846
2846292.7179093976,29.7606201171875,511503728,-1142779410,12.606109619140625,100.2037353515625,-2.745927333831787,2.4080002307891846
2846392.7179093976,29.65478515625,511503769,-1142779431,12.819754600524902,100.2426528930664,-3.1968772411346436,2.3950002193450928
2846492.7179093976,30.2283935546875,511503769,-1142779431,12.478592872619629,100.33585357666016,-3.9965286254882812,2.3950002193450928
2846592.7179093976,30.0166015625,511503811,-1142779457,12.092304229736328,100.09217071533203,-4.87990665435791,2.696000099182129
2846692.7179093976,30.4755859375,511503811,-1142779457,11.198410987854004,99.60693359375,-3.799243927001953,2.696000099182129
2846792.7179093976,30.36669921875,511503856,-1142779482,9.9254150390625,99.14586639404297,-1.815974473953247,2.6660001277923584
2846892.7179093976,29.928466796875,511503856,-1142779482,7.633240699768066,98.56043243408203,1.2086631059646606,2.6660001277923584
2846992.7179093976,28.9371337890625,511503899,-1142779507,5.511931896209717,98.07205963134766,4.181456565856934,2.569000005722046
2847092.7179093976,28.69873046875,511503899,-1142779507,3.6360433101654053,97.73653411865234,6.774833679199219,2.569000005722046
2847192.7179093976,28.548828125,511503939,-1142779531,2.4361298084259033,97.51746368408203,8.69597053527832,2.1690001487731934
2847292.7179093976,29.004638671875,511503939,-1142779531,1.59329354763031,97.55403137207031,9.079261779785156,2.1690001487731934
2847392.7179093976,28.613525390625,511503971,-1142779551,1.2545452117919922,97.70733642578125,9.005693435668945,1.8030000925064087
2847492.7179093976,28.378173828125,511503971,-1142779551,1.8645254373550415,97.79753112792969,8.5665922164917,1.8030000925064087
2847592.7179093976,28.166259765625,511503997,-1142779569,3.524467706680298,98.24613952636719,8.04957389831543,1.4590001106262207
2847692.7179093976,28.295654296875,511503997,-1142779569,5.237213134765625,98.9263916015625,7.219518184661865,1.4590001106262207
2847792.7179093976,28.7928466796875,511504017,-1142779586,7.146796703338623,99.73845672607422,6.122267246246338,1.1780000925064087
2847892.7179093976,29.6666259765625,511504017,-1142779586,9.000024795532227,100.63790893554688,5.294060230255127,1.1780000925064087
2847992.7179093976,29.5841064453125,511504031,-1142779603,10.170416831970215,101.02671813964844,4.644819259643555,0.9580000638961792
2848092.7179093976,29.88134765625,511504031,-1142779603,10.945084571838379,101.25798034667969,3.111192226409912,0.9580000638961792
2848192.7179093976,30.15771484375,511504042,-1142779624,11.661857604980469,101.4280776977539,2.0566318035125732,0.9760000705718994
2848292.7179093976,30.0372314453125,511504042,-1142779624,11.844715118408203,101.30980682373047,-0.17913085222244263,0.9760000705718994
2848392.7179093976,30.2371826171875,511504051,-1142779648,12.077982902526855,100.92277526855469,-2.0915136337280273,1.1230000257492065
2848492.7179093976,30.204833984375,511504051,-1142779648,11.905747413635254,100.23944091796875,-4.002748489379883,1.1230000257492065
2848592.7179093976,30.01953125,511504060,-1142779679,11.870585441589355,99.41397857666016,-5.795597076416016,1.3760000467300415
2848692.7179093976,30.090087890625,511504060,-1142779679,11.834362030029297,98.43710327148438,-6.839274883270264,1.3760000467300415
2848792.7179093976,30.0224609375,511504072,-1142779714,11.50960922241211,97.34365844726562,-6.498122692108154,1.433000087738037
2848892.7179093976,30.090087890625,511504072,-1142779714,11.531911849975586,96.522216796875,-5.848531723022461,1.433000087738037
2848992.7179093976,30.0989990234375,511504086,-1142779753,11.566961288452148,95.66621398925781,-4.606651782989502,1.7050000429153442
2849092.7179093976,29.943115234375,511504086,-1142779753,11.618937492370605,95.01506042480469,-4.37835168838501,1.7050000429153442
2849192.7179093976,29.748779296875,511504102,-1142779793,11.123067855834961,94.56617736816406,-4.094936847686768,1.7190001010894775
2849292.7179093976,28.751708984375,511504102,-1142779793,9.648714065551758,94.31446075439453,-3.922562837600708,1.7190001010894775
2849392.7179093976,28.272216796875,511504121,-1142779834,7.785691261291504,94.2155532836914,-4.306366443634033,1.8270001411437988
2849492.7179093976,27.94580078125,511504121,-1142779834,6.344143867492676,94.40039825439453,-4.304573059082031,1.8270001411437988
2849592.7179093976,28.0487060546875,511504141,-1142779876,5.1730122566223145,94.55748748779297,-5.6007890701293945,1.9500000476837158
2849692.7179093976,28.369384765625,511504141,-1142779876,4.196229934692383,94.88007354736328,-7.050106525421143,1.9500000476837158
2849792.7179093976,28.2987060546875,511504165,-1142779918,3.4851348400115967,95.10846710205078,-9.608660697937012,2.0410001277923584
2849892.7179093976,28.2691650390625,511504165,-1142779918,3.0573105812072754,95.10371398925781,-11.308297157287598,2.0410001277923584
2849992.7179093976,28.2515869140625,511504192,-1142779958,3.023191452026367,94.940185546875,-12.074870109558105,2.116000175476074
2850092.7179093976,28.278076171875,511504192,-1142779958,2.7773377895355225,94.98226165771484,-11.87904167175293,2.116000175476074
2850192.7179093976,28.2928466796875,511504225,-1142779992,2.851300001144409,95.00528717041016,-9.916659355163574,2.2350001335144043
2850292.7179093976,28.3427734375,511504225,-1142779992,3.5747218132019043,95.10043334960938,-9.18090534210205,2.2350001335144043
2850392.7179093976,28.763427734375,511504262,-1142780022,4.850647449493408,95.29430389404297,-7.337226867675781,2.4200000762939453
2850492.7179093976,28.1192626953125,511504262,-1142780022,4.933818817138672,95.5864028930664,-6.203700542449951,2.4200000762939453
2850592.7179093976,28.2457275390625,511504302,-1142780046,5.208121299743652,95.76361846923828,-4.94230318069458,2.3440001010894775
2850692.7179093976,28.47216796875,511504302,-1142780046,5.320443630218506,96.19666290283203,-4.270266532897949,2.3440001010894775
2850792.7179093976,28.369384765625,511504341,-1142780065,5.628077507019043,96.64259338378906,-3.595621347427368,2.323000192642212
2850892.7179093976,28.4840087890625,511504341,-1142780065,5.993007183074951,96.97380065917969,-2.2694411277770996,2.323000192642212
2850992.7179093976,28.68408203125,511504381,-1142780082,6.184381008148193,97.32220458984375,-2.742570400238037,2.389000177383423
2851092.7179093976,29.5076904296875,511504381,-1142780082,6.668944358825684,97.9052963256836,-2.7680647373199463,2.389000177383423
2851192.7179093976,29.8165283203125,511504421,-1142780100,6.1658830642700195,98.28477478027344,-3.7313270568847656,2.432000160217285
2851292.7179093976,28.8045654296875,511504421,-1142780100,4.553081035614014,98.56572723388672,-4.5845232009887695,2.432000160217285
2851392.7179093976,28.2691650390625,511504462,-1142780116,2.8395872116088867,98.8521728515625,-4.371840000152588,2.4630000591278076
2851492.7179093976,28.0810546875,511504462,-1142780116,1.179941177368164,99.29012298583984,-3.944715738296509,2.4630000591278076
2851592.7179093976,28.142822265625,511504504,-1142780125,0.9141448140144348,99.6237564086914,-4.307831287384033,2.369000196456909
2851692.7179093976,28.386962890625,511504504,-1142780125,1.4585413932800293,99.85425567626953,-5.287583827972412,2.369000196456909
2851792.7179093976,28.2603759765625,511504546,-1142780127,2.0583722591400146,100.00885009765625,-6.269052028656006,2.4830000400543213
2851892.7179093976,28.1280517578125,511504546,-1142780127,3.6108505725860596,100.04377746582031,-7.654707908630371,2.4830000400543213
2851992.7179093976,28.301513671875,511504590,-1142780123,5.728122711181641,100.10774993896484,-8.156418800354004,2.509000062942505
2852092.7179093976,28.4046630859375,511504590,-1142780123,6.79942512512207,100.33187866210938,-8.627501487731934,2.509000062942505
2852192.7179093976,28.3900146484375,511504633,-1142780115,5.74785852432251,100.61093139648438,-6.322399616241455,2.253000020980835
2852292.7179093976,28.078125,511504633,-1142780115,4.599949359893799,100.85315704345703,-2.0566909313201904,2.253000020980835
2852392.7179093976,27.8809814453125,511504677,-1142780101,3.730628252029419,101.21601104736328,0.7916478514671326,2.5920000076293945
2852492.7179093976,27.8221435546875,511504677,-1142780101,3.679563045501709,101.40519714355469,3.5129809379577637,2.5920000076293945
2852592.7179093976,28.028076171875,511504720,-1142780083,3.7235124111175537,101.49244689941406,5.744095802307129,2.3470001220703125
2852692.7179093976,28.151611328125,511504720,-1142780083,3.809757709503174,101.55269622802734,5.949608325958252,2.3470001220703125
2852792.7179093976,28.078125,511504760,-1142780064,4.586251258850098,101.66297149658203,5.283433437347412,2.122000217437744
2852892.7179093976,28.392822265625,511504760,-1142780064,5.103325366973877,101.60430145263672,3.8941762447357178,2.122000217437744
2852992.7179093976,28.8074951171875,511504796,-1142780043,5.845060348510742,101.36259460449219,2.293532609939575,1.9940000772476196
2853092.7179093976,29.2694091796875,511504796,-1142780043,6.176150321960449,101.17257690429688,-0.09339378774166107,1.9940000772476196
2853192.7179093976,29.613525390625,511504829,-1142780022,6.9026360511779785,100.92435455322266,-1.3951003551483154,1.8320001363754272
2853292.7179093976,29.8193359375,511504829,-1142780022,7.390328407287598,100.58348083496094,-1.5446860790252686,1.8320001363754272
2853392.7179093976,29.798828125,511504859,-1142780002,7.976583003997803,100.19161224365234,-0.4940328896045685,1.6630001068115234
2853492.7179093976,29.6988525390625,511504859,-1142780002,8.339262962341309,99.82872009277344,1.0660591125488281,1.6630001068115234
2853592.7179093976,29.87255859375,511504886,-1142779984,8.873747825622559,99.5096435546875,2.4269142150878906,1.7280000448226929
2853692.7179093976,29.948974609375,511504886,-1142779984,9.530360221862793,99.36145782470703,2.735079765319824,1.7280000448226929
2853792.7179093976,29.734130859375,511504914,-1142779966,10.090177536010742,99.13188171386719,3.368995189666748,1.5320000648498535
2853892.7179093976,29.9931640625,511504914,-1142779966,10.319514274597168,98.71752166748047,2.0731985569000244,1.5320000648498535
2853992.7179093976,29.7930908203125,511504937,-1142779951,10.389817237854004,98.03125,0.6918683052062988,1.1330000162124634
2854092.7179093976,29.9166259765625,511504937,-1142779951,9.661079406738281,97.46034240722656,-1.1977827548980715,1.1330000162124634
2854192.7179093976,29.5076904296875,511504958,-1142779937,8.483391761779785,96.93025207519531,-1.739227533340454,1.4230000972747803
2854292.7179093976,29.4901123046875,511504958,-1142779937,7.094568252563477,96.46255493164062,-2.7926554679870605,1.4230000972747803
2854392.7179093976,28.9930419921875,511504982,-1142779920,6.1294074058532715,96.08223724365234,-4.07046365737915,1.4530000686645508
2854492.7179093976,28.504638671875,511504982,-1142779920,5.546548843383789,95.5867919921875,-4.162124156951904,1.4530000686645508
2854592.7179093976,28.833984375,511505005,-1142779903,5.073644161224365,95.33650207519531,-3.605832099914551,1.2430000305175781
2854692.7179093976,28.5340576171875,511505005,-1142779903,4.468731880187988,95.25785064697266,-1.1977901458740234,1.2430000305175781
2854792.7179093976,28.44873046875,511505026,-1142779883,4.306822299957275,95.42564392089844,1.4395225048065186,1.4690001010894775
2854892.7179093976,28.5841064453125,511505026,-1142779883,4.681650161743164,95.53401184082031,4.241231918334961,1.4690001010894775
2854992.7179093976,28.619384765625,511505045,-1142779863,4.420848846435547,95.68977355957031,5.4202985763549805,1.1950000524520874
2855092.7179093976,28.3133544921875,511505045,-1142779863,4.359577178955078,95.71212005615234,5.1565937995910645,1.1950000524520874
2855192.7179093976,28.5841064453125,511505059,-1142779847,5.223868370056152,96.07229614257812,4.691905498504639,0.8560000658035278
2855292.7179093976,28.478271484375,511505059,-1142779847,6.572930335998535,96.7080307006836,6.584853649139404,0.8560000658035278
2855392.7179093976,28.763427734375,511505066,-1142779827,7.515063762664795,97.18820190429688,8.795289993286133,0.7660000324249268
2855492.7179093976,28.4459228515625,511505066,-1142779827,8.595566749572754,97.6944808959961,10.42776870727539,0.7660000324249268
2855592.7179093976,28.5399169921875,511505066,-1142779806,9.46579360961914,98.26124572753906,10.946110725402832,0.7300000190734863
2855692.7179093976,28.757568359375,511505066,-1142779806,9.163893699645996,98.37039184570312,9.527754783630371,0.7300000190734863
2855792.7179093976,29.3194580078125,511505059,-1142779786,8.13550853729248,98.32766723632812,7.730177879333496,0.7670000195503235
2855892.7179093976,28.9371337890625,511505059,-1142779786,7.324833393096924,98.42009735107422,5.098425388336182,0.7670000195503235
2855992.7179093976,29.41650390625,511505046,-1142779770,6.912708282470703,98.63941955566406,1.0479251146316528,0.815000057220459
2856092.7179093976,28.869384765625,511505046,-1142779770,7.250395774841309,98.59159088134766,-4.330196380615234,0.815000057220459
2856192.7179093976,29.2047119140625,511505033,-1142779756,8.159682273864746,98.32913970947266,-9.133118629455566,0.7800000309944153
2856292.7179093976,29.616455078125,511505033,-1142779756,10.277112007141113,97.781982421875,-13.7236328125,0.7800000309944153
2856392.7179093976,29.7164306640625,511505024,-1142779743,11.688864707946777,97.19463348388672,-17.607830047607422,0.4050000309944153
2856492.7179093976,29.7164306640625,511505024,-1142779743,12.404417991638184,96.70404815673828,-19.584197998046875,0.4050000309944153
2856592.7179093976,29.725341796875,511505023,-1142779733,12.335457801818848,96.54644012451172,-20.026355743408203,0.4970000088214874
2856692.7179093976,29.67529296875,511505023,-1142779733,11.931715965270996,96.52787017822266,-19.12356948852539,0.4970000088214874
2856792.7179093976,29.6312255859375,511505035,-1142779725,11.538172721862793,96.69212341308594,-16.42192840576172,1.0980000495910645
2856892.7179093976,29.38427734375,511505035,-1142779725,10.904460906982422,97.10065460205078,-12.626011848449707,1.0980000495910645
2856992.7179093976,29.3017578125,511505053,-1142779717,10.366271018981934,97.4381103515625,-8.734448432922363,1.2060000896453857
2857092.7179093976,29.460693359375,511505053,-1142779717,10.074897766113281,97.81904602050781,-4.585084438323975,1.2060000896453857
2857192.7179093976,29.4930419921875,511505072,-1142779708,9.674968719482422,98.33279418945312,-0.865161657333374,1.1970000267028809
2857292.7179093976,29.098876953125,511505072,-1142779708,9.245218276977539,98.7045669555664,2.420057535171509,1.1970000267028809
2857392.7179093976,28.70458984375,511505090,-1142779700,8.87835693359375,99.08149719238281,3.8940110206604004,1.068000078201294
2857492.7179093976,28.487060546875,511505090,-1142779700,7.5678391456604,99.25375366210938,4.770651817321777,1.068000078201294
2857592.7179093976,28.1309814453125,511505107,-1142779694,5.1507463455200195,99.33529663085938,4.492619514465332,0.9640000462532043
2857692.7179093976,27.9368896484375,511505107,-1142779694,3.8430335521698,99.3726577758789,4.414008617401123,0.9640000462532043
2857792.7179093976,28.23388671875,511505120,-1142779691,4.11387300491333,99.89057159423828,3.4695611000061035,0.6980000138282776
2857892.7179093976,28.160400390625,511505120,-1142779691,4.903233051300049,100.3321304321289,2.798640251159668,0.6980000138282776
2857992.7179093976,28.44873046875,511505127,-1142779687,5.9085283279418945,100.59207153320312,2.216078758239746,0.3800000250339508
2858092.7179093976,28.8369140625,511505127,-1142779687,6.537476062774658,100.92870330810547,1.669699788093567,0.3800000250339508
2858192.7179093976,29.1370849609375,511505130,-1142779684,6.830606937408447,101.00548553466797,0.58148592710495,0.23400001227855682
2858292.7179093976,29.18115234375,511505130,-1142779684,6.969778537750244,100.99162292480469,0.3070280849933624,0.23400001227855682
2858392.7179093976,28.995849609375,511505133,-1142779679,6.269890785217285,100.5959243774414,-0.8560975790023804,0.3160000145435333
2858492.7179093976,29.18701171875,511505133,-1142779679,6.2671942710876465,100.37430572509766,-1.4499328136444092,0.3160000145435333
2858592.7179093976,29.1988525390625,511505136,-1142779670,5.852090835571289,99.87631225585938,-1.8861944675445557,0.43300002813339233
2858692.7179093976,29.139892578125,511505136,-1142779670,5.7336931228637695,99.3722152709961,-2.0313618183135986,0.43300002813339233
2858792.7179093976,28.998779296875,511505138,-1142779659,5.768763065338135,98.59014129638672,-2.88499116897583,0.4690000116825104
2858892.7179093976,28.9547119140625,511505138,-1142779659,6.657872200012207,97.807373046875,-1.7348066568374634,0.4690000116825104
2858992.7179093976,29.3607177734375,511505138,-1142779647,7.882168292999268,97.2242202758789,-1.117462158203125,0.41200003027915955
2859092.7179093976,29.6988525390625,511505138,-1142779647,9.289755821228027,96.68724060058594,-1.4169708490371704,0.41200003027915955
2859192.7179093976,29.6341552734375,511505139,-1142779635,9.926308631896973,96.18848419189453,-1.5008821487426758,0.5660000443458557
2859292.7179093976,29.66943359375,511505139,-1142779635,10.078983306884766,95.7697525024414,-0.5820448994636535,0.5660000443458557
2859392.7179093976,29.4254150390625,511505140,-1142779623,9.651880264282227,95.43192291259766,-0.47243642807006836,0.3410000205039978
2859492.7179093976,29.2781982421875,511505140,-1142779623,9.536126136779785,95.15410614013672,-0.7167111039161682,0.3410000205039978
2859592.7179093976,29.237060546875,511505138,-1142779616,9.486506462097168,95.01957702636719,-0.05410486087203026,0.23100000619888306
2859692.7179093976,29.21044921875,511505138,-1142779616,9.88828182220459,94.91321563720703,-0.7722650170326233,0.23100000619888306
2859792.7179093976,29.6400146484375,511505141,-1142779608,10.449219703674316,94.98543548583984,-0.6302554607391357,0.531000018119812
2859892.7179093976,29.604736328125,511505141,-1142779608,10.883541107177734,94.96187591552734,-1.4181348085403442,0.531000018119812
2859992.7179093976,29.9696044921875,511505144,-1142779600,11.402175903320312,95.00402069091797,-1.7843736410140991,0.24500000476837158
2860092.7179093976,30.14306640625,511505144,-1142779600,11.216266632080078,95.18978118896484,-1.8070518970489502,0.24500000476837158
2860192.7179093976,29.537109375,511505143,-1142779596,11.150551795959473,95.19450378417969,-1.764201045036316,0.125
2860292.7179093976,30.060791015625,511505143,-1142779596,10.795387268066406,95.42192077636719,-2.4698266983032227,0.125
2860392.7179093976,29.587158203125,511505143,-1142779595,10.401037216186523,95.64884948730469,-2.5424022674560547,0.05900000408291817
2860492.7179093976,29.4429931640625,511505143,-1142779595,9.679295539855957,95.72785186767578,-2.329862594604492,0.05900000408291817
2860592.7179093976,29.3812255859375,511505142,-1142779595,9.426761627197266,95.90289306640625,-2.708782434463501,0.08400000631809235
2860692.7179093976,29.1929931640625,511505142,-1142779595,8.909631729125977,95.89952850341797,-2.2181081771850586,0.08400000631809235
2860792.7179093976,29.1663818359375,511505140,-1142779594,7.931735992431641,95.88299560546875,-2.7384564876556396,0.10600000619888306
2860892.7179093976,28.9459228515625,511505140,-1142779594,7.208691596984863,95.95143127441406,-2.403656244277954,0.10600000619888306
2860992.7179093976,28.9842529296875,511505140,-1142779593,7.767483711242676,95.87659454345703,-2.9235363006591797,0.04200000315904617
2861092.7179093976,28.7252197265625,511505140,-1142779593,8.68250846862793,95.77887725830078,-3.075550079345703,0.04200000315904617
2861192.7179093976,29.4989013671875,511505141,-1142779593,9.822617530822754,95.70158386230469,-2.8547487258911133,0.04000000283122063
2861292.7179093976,29.53125,511505141,-1142779593,10.454222679138184,95.56700897216797,-2.7297937870025635,0.04000000283122063
2861392.7179093976,29.6429443359375,511505144,-1142779594,10.466395378112793,95.37838745117188,-2.6595354080200195,0.17500001192092896
2861492.7179093976,30.0489501953125,511505144,-1142779594,10.158042907714844,95.42293548583984,-2.474797487258911,0.17500001192092896
2861592.7179093976,29.6341552734375,511505147,-1142779595,10.056510925292969,95.41075897216797,-1.814945936203003,0.1290000081062317
2861692.7179093976,29.51953125,511505147,-1142779595,9.916579246520996,95.50328063964844,-1.7924730777740479,0.1290000081062317
2861792.7179093976,29.8341064453125,511505148,-1142779601,10.17105770111084,95.66063690185547,-2.052347183227539,0.2240000069141388
2861892.7179093976,29.9400634765625,511505148,-1142779601,10.728897094726562,95.97581481933594,-1.7071828842163086,0.2240000069141388
2861992.7179093976,30.0106201171875,511505149,-1142779609,11.058709144592285,96.03197479248047,-1.6117136478424072,0.2070000171661377
2862092.7179093976,29.734130859375,511505149,-1142779609,10.66626262664795,95.93212890625,-2.5495359897613525,0.2070000171661377
2862192.7179093976,29.739990234375,511505152,-1142779616,10.579489707946777,95.759033203125,-3.2552313804626465,0.3140000104904175
2862292.7179093976,29.6400146484375,511505152,-1142779616,10.73788070678711,95.69081115722656,-3.0576460361480713,0.3140000104904175
2862392.7179093976,29.5665283203125,511505157,-1142779627,11.973403930664062,95.62259674072266,-2.766216278076172,0.3850000202655792
2862492.7179093976,29.593017578125,511505157,-1142779627,12.415507316589355,95.52106475830078,-2.8023440837860107,0.3850000202655792
2862592.7179093976,29.66357421875,511505162,-1142779639,11.938539505004883,95.65972137451172,-3.287139654159546,0.5320000052452087
2862692.7179093976,30.060791015625,511505162,-1142779639,10.918742179870605,95.64952087402344,-3.534787893295288,0.5320000052452087
2862792.7179093976,30.0313720703125,511505168,-1142779651,9.837984085083008,95.54204559326172,-3.2724931240081787,0.4690000116825104
2862892.7179093976,29.6959228515625,511505168,-1142779651,8.534351348876953,95.57408142089844,-2.422384023666382,0.4690000116825104
2862992.7179093976,29.616455078125,511505173,-1142779661,7.923774719238281,95.53298950195312,-1.6527431011199951,0.3930000066757202
2863092.7179093976,29.38720703125,511505173,-1142779661,7.532424449920654,95.64611053466797,-1.6537681818008423,0.3930000066757202
2863192.7179093976,29.237060546875,511505179,-1142779670,7.653600692749023,95.79240417480469,-1.2053016424179077,0.4690000116825104
2863292.7179093976,29.466552734375,511505179,-1142779670,8.089564323425293,95.86321258544922,-1.1910771131515503,0.4690000116825104
2863392.7179093976,29.51953125,511505185,-1142779677,8.068922996520996,95.80438995361328,-1.4734777212142944,0.4240000247955322
2863492.7179093976,28.948974609375,511505185,-1142779677,8.420648574829102,95.65750885009766,-1.2913898229599,0.4240000247955322
2863592.7179093976,29.3194580078125,511505190,-1142779686,8.616203308105469,95.61550903320312,-1.1281025409698486,0.46800002455711365
2863692.7179093976,28.68994140625,511505190,-1142779686,8.725506782531738,95.55181884765625,-0.40358465909957886,0.46800002455711365
2863792.7179093976,28.4193115234375,511505195,-1142779697,9.059405326843262,95.8027114868164,0.4899365305900575,0.4490000307559967
2863892.7179093976,28.9459228515625,511505195,-1142779697,8.998929023742676,96.08525085449219,1.2566602230072021,0.4490000307559967
2863992.7179093976,28.2574462890625,511505198,-1142779707,8.742497444152832,96.52859497070312,1.8065598011016846,0.3530000150203705
2864092.7179093976,28.69873046875,511505198,-1142779707,8.943732261657715,97.04806518554688,1.986533284187317,0.3530000150203705
2864192.7179093976,28.607421875,511505196,-1142779717,8.996184349060059,97.49007415771484,1.4760618209838867,0.4050000309944153
2864292.7179093976,29.0252685546875,511505196,-1142779717,8.61391544342041,97.94219207763672,0.870876133441925,0.4050000309944153
2864392.7179093976,29.0340576171875,511505192,-1142779728,8.428057670593262,98.27497863769531,0.6229939460754395,0.4150000214576721
2864492.7179093976,29.2694091796875,511505192,-1142779728,7.990340709686279,98.47344207763672,-0.20425239205360413,0.4150000214576721
2864592.7179093976,29.5076904296875,511505188,-1142779737,7.908154010772705,98.66558074951172,-1.1619943380355835,0.3970000147819519
2864692.7179093976,29.2781982421875,511505188,-1142779737,7.983956336975098,98.6461410522461,-2.53471302986145,0.3970000147819519
2864792.7179093976,29.18701171875,511505184,-1142779747,7.541654586791992,98.60966491699219,-3.438446283340454,0.4440000355243683
2864892.7179093976,29.287109375,511505184,-1142779747,7.9388017654418945,98.44126892089844,-3.010559558868408,0.4440000355243683
2864992.7179093976,29.5606689453125,511505179,-1142779755,8.283926963806152,98.36769104003906,-4.212335586547852,0.359000027179718
2865092.7179093976,29.481201171875,511505179,-1142779755,9.175079345703125,98.08941650390625,-3.6225247383117676,0.359000027179718
2865192.7179093976,29.4371337890625,511505175,-1142779761,10.158075332641602,97.81609344482422,-3.637308120727539,0.24900001287460327
2865292.7179093976,29.739990234375,511505175,-1142779761,11.083374977111816,97.57523345947266,-4.0901665687561035,0.24900001287460327
2865392.7179093976,29.3665771484375,511505173,-1142779765,11.648924827575684,97.25367736816406,-4.645373344421387,0.15300001204013824